x,Y
5.3485116204775265,-1.3872006146204955e-18
5.380934950962566,-4.36788288770543e-19
5.413358281447632,-2.9929388067444797e-19
5.445773477891954,-4.6112808659755707e-10
5.478189083194687,-8.746832802065225e-10
5.510604852694258,-1.2298712592448154e-09
5.5441861438919116,-1.5249024227809595e-09
5.577765475943064,-1.0021862034459472e-09
5.611355837601725,-5.89618232080388e-10
5.644950196231264,-1.9128956347961093e-10
5.678544029376903,-7.293233318704864e-13
5.71212572682791,-7.019100188790869e-13
5.745707379189268,-6.867609310999228e-13
5.745707379189268,-6.867609310999228e-13
5.779289031426942,-6.598967697711552e-13
5.812870683523978,-6.243172087876439e-13
5.846452335474393,-5.83235389117888e-13
5.880033987283298,-5.396534858224194e-13
5.913615638965899,-4.959926034610966e-13
5.9471972905456605,-4.5382570670171573e-13
5.980778942051866,-4.1376629046782497e-13
6.015497331475997,-1.0294603935225108e-16
6.050208355893624,1.6962406516006762e-18
6.084919381950766,1.4556649973453051e-18
6.084919381950766,1.4556649973453051e-18
6.119630408007591,1.4953756224482608e-18
6.154332750212281,4.948222872250237e-10
6.189035577525852,9.423501360871486e-10
6.223738576281138,1.3295141006739245e-09
6.258441543042936,1.6386177606903538e-09
6.293145361171242,1.7094263075575264e-09
6.327859610947843,9.618738431335476e-10
6.362588809393999,3.030092506040808e-10
6.397318507389851,7.67006135254239e-13
6.432029642477874,7.261025435630937e-13
6.466740669191479,7.108027009841205e-13
6.502559354125551,7.029039180794722e-13
6.538370853471254,6.620295805918074e-13
6.5741823542171876,6.148172200409556e-13
6.609993854795098,5.650683476847247e-13
6.645805355227941,5.157281704434327e-13
6.645805355227941,5.157281704434327e-13
6.681616855548906,4.685178327680627e-13
6.7174283548413225,2.4425546475145096e-16
6.753239855250432,-2.3428631550799964e-18
6.789051355805772,-1.9132856644068735e-18
6.824862856361137,-1.831172967011062e-18
6.860674356916532,1.7112844861395046e-19
6.896476859423767,-5.085884047843584e-10
6.932279735523796,-9.61294265581147e-10
6.968082681873557,-1.3414633235226412e-09
7.004963938898089,-1.6372992179050898e-09
7.041841630130854,-1.357369892784812e-09
7.078735824226254,-5.509059988187057e-10
7.115641130943106,-9.951004267339317e-11
7.152532091321056,-7.836273857998559e-13
7.189415354729044,-7.551087608363902e-13
7.189415354729044,-7.551087608363902e-13
7.226298604194924,-7.226578760161903e-13
7.263181853473826,-6.788987586689379e-13
7.300065102560281,-6.28483690426034e-13
7.336948351466199,-5.756383411057547e-13
7.373831600218815,-5.235367851696275e-13
7.410714848772858,-4.3195537071783527e-13
7.447598096459118,-1.8867635275811247e-17
7.484481345344781,1.785758666886757e-18
7.52241431885518,1.8731314057977934e-18
7.5603404688009554,6.426976638216537e-19
7.598257134018453,5.407190851079383e-10
7.636174296809653,1.0293346087421015e-09
7.674091561540325,1.4474806341342327e-09
7.712008682379113,1.7701349923392522e-09
7.749925589939134,1.9657559019187893e-09
7.78785241168416,1.0887095934497548e-09
7.825803888523454,2.7956114267719407e-10
7.825803888523454,2.7956114267719407e-10
7.863749581533153,8.288684582441475e-13
7.901675833135788,7.830334759283066e-13
7.939601985290776,7.527093516201947e-13
7.977528137246902,7.088413194789791e-13
8.015454288993892,6.566214181862066e-13
8.053380440541527,6.009291879362297e-13
8.092327571640665,5.586200300105062e-13
8.131268058537048,1.0148227247728758e-13
8.170208547632498,-8.054178943008965e-18
8.209149037238936,-2.57857164552388e-18
8.248089526845401,-4.9129826691048095e-19
8.287030016451896,-5.319832446005751e-19
8.325960759355633,-5.548443754454987e-10
8.364891963120515,-1.053851807633697e-09
8.403823215807328,-1.4760883688974156e-09
8.442754274688644,-1.7928847895150097e-09
8.481685101208068,-1.9683595315277916e-09
8.520628116685137,-1.0266175913455771e-09
8.559597074324058,-2.130771744311179e-10
8.559597074324058,-2.130771744311179e-10
8.598553872865113,-8.386068196201274e-13
8.637494423708558,-7.949540631318737e-13
8.676434913883275,-7.572052200374418e-13
8.71653000829054,-7.260062342703059e-13
8.756617581946823,-6.652710475484228e-13
8.796705157233491,-6.028298656381688e-13
8.83679273224924,-4.936812668006465e-13
8.876880306289909,2.271650494548481e-17
8.916967881689976,1.9631597253473703e-18
8.957055457090066,2.0303081629792815e-18
8.997143032490186,2.033577875591806e-18
9.037220586258856,5.717687105647027e-10
9.077298683159434,1.0904037101158248e-09
9.117376852560426,1.5339464325478522e-09
9.157454801660307,1.8723737907653604e-09
9.197532454639092,2.0672480098191898e-09
9.23761734102961,1.2403675009363748e-09
9.23761734102961,1.2403675009363748e-09
9.277734053914216,2.969522246544856e-10
9.317843522513337,8.724846377056866e-13
9.357931211887703,8.199609417661615e-13
9.39913546836656,8.008391563411394e-13
9.440332443257986,7.442079838863199e-13
9.481529419728346,6.798898627904313e-13
9.522726395963842,6.140034421710168e-13
9.563923371169869,1.2498636011119865e-13
9.605120346999689,-9.376342845926948e-18
9.64631732338283,-1.2550778347042587e-18
9.687514299765992,-2.255299304360235e-18
9.72871127614919,-9.244333952237446e-19
9.769897943316305,-5.870896620050485e-10
9.811085072451872,-1.1148109704912034e-09
9.8522721842434,-1.5574086631843597e-09
9.893459007061661,-1.8793166993067398e-09
9.93464553018,-2.03579858528433e-09
9.975844459160019,-1.0495598905366396e-09
9.975844459160019,-1.0495598905366396e-09
10.017075210931386,-1.7343205056113976e-10
10.059364963999391,-8.950965229431729e-13
10.10163286218157,-8.448508461054632e-13
10.14390072164499,-7.917236136865927e-13
10.186168580820516,-7.267702364501372e-13
10.228436439726883,-6.574594360066904e-13
10.270704298324118,-5.444422517965016e-13
10.31297215584948,2.6126453590070872e-17
10.355240014824929,2.92077944131062e-18
10.397507873800405,1.612501783295034e-18
10.439775732775916,-9.884775232784179e-20
10.482033025537941,6.028718907828778e-10
10.524290863048396,1.1493269201008388e-09
10.566548704637075,1.612596484234087e-09
10.608806225920489,1.9557105080390042e-09
10.651063377070606,2.1310889807306043e-09
10.693328196064872,1.2298104466756422e-09
10.73563054961285,2.441386466101904e-10
10.73563054961285,2.441386466101904e-10
10.778959240534023,9.248639853097486e-13
10.822261090515996,8.675502767296745e-13
10.86556286477486,8.123765834500137e-13
10.908864638724664,7.443009831068311e-13
10.952166412386234,6.715509520366073e-13
10.995468185248164,3.137524067592096e-13
11.038769958051937,-1.752196534833912e-17
11.0820717318019,-1.9126158135468283e-18
11.125373505551892,-1.2841799015384463e-18
11.168675279301917,-1.6366245868011218e-18
11.21196622192739,-6.173022486175533e-10
11.255257641759737,-1.1729151191559851e-09
11.298548984537714,-1.636317542514699e-09
11.341839943195843,-1.9649905308612418e-09
11.38513053212828,-2.1050244835055765e-09
11.42843332830186,-1.0808634330942113e-09
11.42843332830186,-1.0808634330942113e-09
11.471773909767414,-1.4542850389426613e-10
11.515089441552863,-9.059845863974847e-13
11.558391244459761,-8.521933439536352e-13
11.602836930197215,-8.109710150037531e-13
11.647275133747701,-7.366474404414676e-13
11.691713339048686,-6.600075298666279e-13
11.736151542845617,-1.13661727271076e-17
11.78058974832752,3.14082046920826e-18
11.825027953835338,1.6087172003820323e-18
11.869466159343188,6.992726156427689e-19
11.91390436485108,-2.7216816339060875e-19
11.958331391440353,6.303759806395428e-10
12.002758677700925,1.183730800170357e-09
12.002758677700925,1.183730800170357e-09
12.04575889479183,5.89871324586357e-06
12.04575889479183,5.89871324586357e-06
12.090818829490757,3.9711813132456336e-09
12.090818829490757,3.9711813132456336e-09
12.135560821535437,4.098210795382791e-09
12.18021225336976,3.452322336202577e-09
12.18021225336976,3.452322336202577e-09
12.224970708279098,1.0471564327457771e-12
12.26890228184656,1.2167429557487551e-09
12.26890228184656,1.2167429557487551e-09
12.314671723893825,1.0301222186335211e-09
12.360206490319252,1.0154861281998402e-09
12.360206490319252,1.0154861281998402e-09
12.4057375940548,2.4381932367102715e-09
12.451267989586563,2.1749835033349773e-09
12.451267989586563,2.1749835033349773e-09
12.496758694581496,2.0720642110570325e-09
12.542581743027359,1.0633288385622998e-13
12.542581743027359,1.0633288385622998e-13
12.587352175806146,1.9222784939150953e-09
12.587352175806146,1.9222784939150953e-09
12.633363617168268,2.0810594844776395e-09
12.678890593385857,1.3136545920591738e-09
12.678890593385857,1.3136545920591738e-09
12.724405062177226,7.178303148145846e-10
12.724405062177226,7.178303148145846e-10
12.76991941464548,2.483561690449967e-10
12.815423085613746,4.5637300244210854e-11
12.815423085613746,4.5637300244210854e-11
12.86198178844225,4.3300829298022206e-10
12.86198178844225,4.3300829298022206e-10
12.908505052885767,6.219999791308787e-10
12.955170851495172,9.257631398756558e-10
12.955170851495172,9.257631398756558e-10
13.001761055061392,1.0531698096559115e-09
13.048330178367612,1.060874723580981e-09
13.048330178367612,1.060874723580981e-09
13.094900829028546,1.0625172785738478e-09
13.094900829028546,1.0625172785738478e-09
13.141463940356681,2.7762313353390898e-09
13.188035866987185,2.179216914798708e-09
13.188035866987185,2.179216914798708e-09
13.234617891737127,2.093161139842067e-09
13.234617891737127,2.093161139842067e-09
13.281117915250459,2.0894195767704245e-09
13.327737256055853,2.2599452655880557e-09
13.327737256055853,2.2599452655880557e-09
13.374306570256108,2.8398341303142377e-09
13.420850499683805,3.6375667285045852e-09
13.420850499683805,3.6375667285045852e-09
13.467405678246658,4.1931966797686e-09
13.515087490011055,4.561356211004201e-09
13.515087490011055,4.561356211004201e-09
13.562738780240958,4.505100490090342e-09
13.562738780240958,4.505100490090342e-09
13.610446726773974,4.614963528620179e-09
13.658160768095458,1.7221630435951264e-09
13.658160768095458,1.7221630435951264e-09
13.706000272148176,7.762314294286476e-10
13.753577773177426,1.0686370823115535e-09
13.753577773177426,1.0686370823115535e-09
13.80126064595602,1.0836770572474362e-09
13.848966999399654,2.638257718738806e-09
13.848966999399654,2.638257718738806e-09
13.896655073563684,2.152855887726894e-09
13.896655073563684,2.152855887726894e-09
13.944345479367772,1.8282512156782588e-09
13.992144075469046,1.5409631229971792e-09
13.992144075469046,1.5409631229971792e-09
14.03972550477488,2.0639531511047562e-09
14.087413278097376,2.060626732683323e-09
14.087413278097376,2.060626732683323e-09
14.135077481607794,1.4208773258823686e-09
14.183828975209066,7.943480387394633e-10
14.183828975209066,7.943480387394633e-10
14.2325752266234,-2.178848057391488e-10
14.2325752266234,-2.178848057391488e-10
14.281407471231192,-4.346200997143099e-10
14.330158908375408,-5.199597457239067e-11
14.330158908375408,-5.199597457239067e-11
14.378958069028572,3.4512891105339257e-10
14.427635103479444,1.065692336586245e-09
14.427635103479444,1.065692336586245e-09
14.476397018234707,1.0217166019688293e-09
14.476397018234707,1.0217166019688293e-09
14.525139398529232,1.0726009334580844e-09
14.573896597976178,2.688547608360464e-09
14.573896597976178,2.688547608360464e-09
14.62265409711602,2.0956803431301935e-09
14.671422300795108,1.5946439582349765e-09
14.671422300795108,1.5946439582349765e-09
14.720176272170146,1.5857827108585071e-09
14.768930035648113,1.576569721881343e-09
14.768930035648113,1.576569721881343e-09
14.81767293112688,2.3042047212430886e-09
14.81767293112688,2.3042047212430886e-09
14.866519860963491,2.8680430337648116e-09
14.916152325518807,3.999782816323998e-09
14.916152325518807,3.999782816323998e-09
14.965898441337535,3.800303121878927e-09
15.015731556041509,3.821639610983307e-09
15.015731556041509,3.821639610983307e-09
15.065480272895591,3.802441344647259e-09
15.115271288274831,1.0554585688554373e-09
15.115271288274831,1.0554585688554373e-09
15.165080556544671,7.37454988739613e-10
15.165080556544671,7.37454988739613e-10
15.214860692917512,6.998890223637539e-10
15.264565612843505,7.880150593795481e-10
15.264565612843505,7.880150593795481e-10
15.31443671878368,1.7411380757962408e-09
15.364082883488223,1.9105392862189353e-09
15.364082883488223,1.9105392862189353e-09
15.413844482168962,1.91447185774244e-09
15.463618115947053,1.986763984724846e-09
15.463618115947053,1.986763984724846e-09
15.513380259120083,1.9589053823910726e-09
15.563142713673134,6.668087296793049e-10
15.563142713673134,6.668087296793049e-10
15.61298924920482,1.3568614313716476e-11
15.662636825086517,-3.3497470875668706e-11
15.662636825086517,-3.3497470875668706e-11
15.713561551269207,-8.824086851011783e-10
15.713561551269207,-8.824086851011783e-10
15.764271755949878,-6.004798855981792e-10
15.815152739878567,-3.3627272910674576e-11
15.815152739878567,-3.3627272910674576e-11
15.866100842890097,6.990503667028345e-10
15.916903665923048,5.409895707331279e-10
15.916903665923048,5.409895707331279e-10
15.96765356559157,6.358434819735136e-10
15.96765356559157,6.358434819735136e-10
16.01847569776278,1.6276230904793397e-09
16.069417582847908,1.2766770335727978e-09
16.069417582847908,1.2766770335727978e-09
16.120133802295257,1.604518374970145e-09
16.17095952602435,1.6797049630355283e-09
16.17095952602435,1.6797049630355283e-09
16.221792118323958,1.404644277087963e-09
16.221792118323958,1.404644277087963e-09
16.27270000522395,2.046494845279994e-09
16.323417063647945,3.0732785459867615e-09
16.323417063647945,3.0732785459867615e-09
16.374309099260362,3.1057792162050064e-09
16.425124258542503,3.4075129673992194e-09
16.425124258542503,3.4075129673992194e-09
16.476938213696247,3.388838509049089e-09
16.476938213696247,3.388838509049089e-09
16.528806886747656,3.024329204241033e-09
16.58071308710788,6.554746337199269e-10
16.58071308710788,6.554746337199269e-10
16.632422117817686,7.832465910551611e-10
16.684213149124677,5.954079257683611e-10
16.684213149124677,5.954079257683611e-10
16.73621144821698,1.6581253773505285e-09
16.787879296840963,1.1956982465110872e-09
16.787879296840963,1.1956982465110872e-09
16.839871617265178,1.1939181842177794e-09
16.839871617265178,1.1939181842177794e-09
16.891572176371707,1.4870302294610556e-09
16.943361716899602,1.1556905235089146e-09
16.943361716899602,1.1556905235089146e-09
16.99540022295079,3.7468640391929575e-10
17.047029692392414,-6.911550521330632e-11
17.047029692392414,-6.911550521330632e-11
17.09882461980331,-1.007748268405488e-09
17.09882461980331,-1.007748268405488e-09
17.150824763562472,-1.1704873118119873e-09
17.202669289709732,-1.01079592951768e-09
17.202669289709732,-1.01079592951768e-09
17.254266965573578,-2.386361817614119e-10
17.254266965573578,-2.386361817614119e-10
17.306074537585893,7.642907174981381e-10
17.306074537585893,7.642907174981381e-10
17.359155782366138,8.004082090932833e-10
17.359155782366138,8.004082090932833e-10
17.411995209631115,1.0150244374528317e-09
17.411995209631115,1.0150244374528317e-09
17.411995209631115,1.0150244374528317e-09
17.464863460128967,2.604171582357775e-09
17.464863460128967,2.604171582357775e-09
17.51773015945119,2.0176817849532085e-09
17.51773015945119,2.0176817849532085e-09
17.57063986804468,1.3656340043227863e-09
17.57063986804468,1.3656340043227863e-09
17.62354564982855,8.377952985695003e-10
17.62354564982855,8.377952985695003e-10
17.676459261805345,1.0547638651834105e-09
17.676459261805345,1.0547638651834105e-09
17.729082760574997,1.4390085891688867e-09
17.729082760574997,1.4390085891688867e-09
17.78189747330286,2.4042709432752614e-09
17.78189747330286,2.4042709432752614e-09
17.83497370400988,2.630273217463404e-09
17.83497370400988,2.630273217463404e-09
17.887850713536817,3.494234980122319e-09
17.887850713536817,3.494234980122319e-09
17.94052697640683,3.0650471952273393e-09
17.94052697640683,3.0650471952273393e-09
17.993518817190804,8.073586606639067e-10
17.993518817190804,8.073586606639067e-10
18.046394820057003,3.595702207899801e-10
18.046394820057003,3.595702207899801e-10
18.09933529746481,6.423352204002485e-10
18.09933529746481,6.423352204002485e-10
18.09933529746481,6.423352204002485e-10
18.153060322353113,4.745981701868147e-10
18.153060322353113,4.745981701868147e-10
18.206934853042,8.947112074673256e-10
18.206934853042,8.947112074673256e-10
18.261075911303095,6.070723250130966e-10
18.261075911303095,6.070723250130966e-10
18.31494432232185,1.210710887451597e-09
18.31494432232185,1.210710887451597e-09
18.36875720195619,9.075605032865503e-10
18.36875720195619,9.075605032865503e-10
18.422630908819155,7.724370127822073e-10
18.422630908819155,7.724370127822073e-10
18.476715615366636,-2.2393188855449525e-10
18.476715615366636,-2.2393188855449525e-10
18.530410022896074,-8.384515372603487e-10
18.530410022896074,-8.384515372603487e-10
18.58453319068634,-6.617725377563131e-10
18.58453319068634,-6.617725377563131e-10
18.638417379506265,-1.4312738590561807e-09
18.638417379506265,-1.4312738590561807e-09
18.692124336637026,-6.457436693653104e-10
18.692124336637026,-6.457436693653104e-10
18.746272044280307,2.6506405637668345e-10
18.746272044280307,2.6506405637668345e-10
18.800249510519585,2.1605487693083895e-10
18.800249510519585,2.1605487693083895e-10
18.85396850735749,3.096213567988433e-10
18.85396850735749,3.096213567988433e-10
18.9080752692261,6.260266726050118e-10
18.9080752692261,6.260266726050118e-10
18.961768821562615,8.004937409592501e-10
18.961768821562615,8.004937409592501e-10
19.01695313308578,5.862574675550848e-10
19.01695313308578,5.862574675550848e-10
19.07171132506893,5.774185200355662e-10
19.07171132506893,5.774185200355662e-10
19.12690902248822,4.869676186714439e-10
19.12690902248822,4.869676186714439e-10
19.181657846612,1.610943989662828e-09
19.181657846612,1.610943989662828e-09
19.23673119885835,2.1947534817312856e-09
19.23673119885835,2.1947534817312856e-09
19.291548286605114,2.6742089068631983e-09
19.291548286605114,2.6742089068631983e-09
19.346687307025626,2.839988241080688e-09
19.346687307025626,2.839988241080688e-09
19.401656862881634,2.471306372411365e-09
19.401656862881634,2.471306372411365e-09
19.456675742470907,4.1734067231149337e-10
19.456675742470907,4.1734067231149337e-10
19.511470480883187,3.77720342354098e-10
19.511470480883187,3.77720342354098e-10
19.5666440033235,2.3255355500405146e-10
19.5666440033235,2.3255355500405146e-10
19.621463047433124,7.123179251521176e-10
19.621463047433124,7.123179251521176e-10
19.676577875023355,6.097524519967715e-10
19.676577875023355,6.097524519967715e-10
19.731338988448943,6.389435260602653e-10
19.731338988448943,6.389435260602653e-10
19.78651881001072,4.941609166274575e-10
19.78651881001072,4.941609166274575e-10
19.84119158857166,5.800474716389466e-10
19.84119158857166,5.800474716389466e-10
19.896444151852403,-3.97501308678605e-10
19.896444151852403,-3.97501308678605e-10
19.95229944941788,-7.000413994963156e-10
19.95229944941788,-7.000413994963156e-10
20.008451202304666,-1.677049158044664e-09
20.008451202304666,-1.677049158044664e-09
20.064271120181992,-1.6388932642052123e-09
20.064271120181992,-1.6388932642052123e-09
20.120436740262857,-1.6494615751906638e-09
20.120436740262857,-1.6494615751906638e-09
20.176477972701633,-9.127286162112503e-12
20.176477972701633,-9.127286162112503e-12
20.232340324762387,3.9702416719912887e-10
20.232340324762387,3.9702416719912887e-10
20.288468695379617,3.6080190088798585e-10
20.288468695379617,3.6080190088798585e-10
20.344363083137313,8.53312081913641e-10
20.344363083137313,8.53312081913641e-10
20.40047162503685,5.88345628725103e-10
20.40047162503685,5.88345628725103e-10
20.45641015360746,6.512765108046509e-10
20.45641015360746,6.512765108046509e-10
20.512491057600084,5.802420896754389e-10
20.512491057600084,5.802420896754389e-10
20.56842963487665,7.849290688613407e-10
20.56842963487665,7.849290688613407e-10
20.624512689762692,1.4827562203880878e-09
20.624512689762692,1.4827562203880878e-09
20.680419434624838,2.306760680219214e-09
20.680419434624838,2.306760680219214e-09
20.736572978117863,2.5072000088370834e-09
20.736572978117863,2.5072000088370834e-09
20.792396860127,3.1567947738372732e-09
20.792396860127,3.1567947738372732e-09
20.848556625354718,2.347849768088127e-09
20.848556625354718,2.347849768088127e-09
20.90453438016251,6.037425191816187e-10
20.90453438016251,6.037425191816187e-10
20.960510321419292,3.541510572844554e-10
20.960510321419292,3.541510572844554e-10
21.01758418225255,3.442836798800912e-10
21.01758418225255,3.442836798800912e-10
21.074558440190824,9.211739337308948e-10
21.074558440190824,9.211739337308948e-10
21.131644204556643,6.296952155296526e-10
21.131644204556643,6.296952155296526e-10
21.18861739620801,7.300844196062671e-10
21.18861739620801,7.300844196062671e-10
21.245638630659297,5.658069083836708e-10
21.245638630659297,5.658069083836708e-10
21.30271841369066,5.368019596427979e-10
21.30271841369066,5.368019596427979e-10
21.359674068063875,-1.7726258712025404e-10
21.416761754308226,-9.980289479338865e-10
21.416761754308226,-9.980289479338865e-10
21.473689205321527,-1.5498780409713057e-09
21.473689205321527,-1.5498780409713057e-09
21.530859360891064,-1.9722654332724084e-09
21.530859360891064,-1.9722654332724084e-09
21.58770019885834,-8.77863539261621e-10
21.58770019885834,-8.77863539261621e-10
21.64493955112232,1.093334422389708e-10
21.64493955112232,1.093334422389708e-10
21.64493955112232,1.093334422389708e-10
21.701840689577583,2.7111931843234324e-10
21.701840689577583,2.7111931843234324e-10
21.75887867405353,4.687736235131527e-10
21.75887867405353,4.687736235131527e-10
21.815912702152254,7.22494474424102e-10
21.815912702152254,7.22494474424102e-10
21.872927764201712,7.249648370161052e-10
21.929965685563552,7.114132583922219e-10
21.929965685563552,7.114132583922219e-10
21.98698283447529,6.576050266713712e-10
21.98698283447529,6.576050266713712e-10
21.98698283447529,6.576050266713712e-10
22.044003215989598,1.591570918970886e-09
22.1010124789727,2.322242959566659e-09
22.1010124789727,2.322242959566659e-09
22.158062858384845,2.9199823164808607e-09
22.158062858384845,2.9199823164808607e-09
22.216072052596342,3.036085184477625e-09
22.216072052596342,3.036085184477625e-09
22.27421148115983,2.7048092125867703e-09
22.27421148115983,2.7048092125867703e-09
22.332301192089037,6.951414296312367e-10
22.332301192089037,6.951414296312367e-10
22.390308351757433,3.502752195455941e-10
22.390308351757433,3.502752195455941e-10
22.448366928386275,3.316653637284146e-10
22.448366928386275,3.316653637284146e-10
22.506424075836605,7.028998861657952e-10
22.506424075836605,7.028998861657952e-10
22.56449816239225,7.279072644094393e-10
22.56449816239225,7.279072644094393e-10
22.622588631586485,8.803628722303857e-10
22.622588631586485,8.803628722303857e-10
22.68052496600491,7.29096547205758e-10
22.68052496600491,7.29096547205758e-10
22.73879203332106,6.851336202165846e-10
22.73879203332106,6.851336202165846e-10
22.7966266299266,-2.4271611161444935e-10
22.7966266299266,-2.4271611161444935e-10
22.854886394063417,-9.536000360302377e-10
22.854886394063417,-9.536000360302377e-10
22.912726859349355,-1.4695331431097743e-09
22.912726859349355,-1.4695331431097743e-09
22.970968670796825,-1.670251233161068e-09
22.970968670796825,-1.670251233161068e-09
23.028965557313644,-7.486017590020711e-10
23.028965557313644,-7.486017590020711e-10
23.087142967933506,2.8501730720345566e-10
23.087142967933506,2.8501730720345566e-10
23.14501551012828,3.3280289319617856e-10
23.14501551012828,3.3280289319617856e-10
23.203226696331047,4.1223928322023823e-10
23.203226696331047,4.1223928322023823e-10
23.261165890408016,6.14307705563692e-10
23.261165890408016,6.14307705563692e-10
23.319348332165863,8.730768384442707e-10
23.319348332165863,8.730768384442707e-10
23.37729125862619,7.548141759567892e-10
23.37729125862619,7.548141759567892e-10
23.435465493846408,8.215725403093489e-10
23.435465493846408,8.215725403093489e-10
23.493405927202495,1.6664223523557093e-09
23.493405927202495,1.6664223523557093e-09
23.55155923702929,2.4794652823766475e-09
23.55155923702929,2.4794652823766475e-09
23.610614279231257,3.2545089280174108e-09
23.610614279231257,3.2545089280174108e-09
23.66977080855165,3.18785185269687e-09
23.66977080855165,3.18785185269687e-09
23.728653420399244,3.094617864510783e-09
23.728653420399244,3.094617864510783e-09
23.7879105053137,7.849682522216573e-10
23.7879105053137,7.849682522216573e-10
23.847074256674667,3.272321124443353e-10
23.847074256674667,3.272321124443353e-10
23.906019456466375,4.790093302369395e-10
23.906019456466375,4.790093302369395e-10
23.965212886898378,1.007061910171529e-09
23.965212886898378,1.007061910171529e-09
24.0241876299874,8.633751537998192e-10
24.0241876299874,8.633751537998192e-10
24.08338876304117,7.559537558659526e-10
24.08338876304117,7.559537558659526e-10
24.14236708873175,9.075515913987004e-10
24.14236708873175,9.075515913987004e-10
24.201560828787958,7.455565785318543e-10
24.201560828787958,7.455565785318543e-10
24.260566700831316,6.126836915475684e-11
24.260566700831316,6.126836915475684e-11
24.319660183304613,-5.730490929424081e-10
24.319660183304613,-5.730490929424081e-10
24.378808543087313,-1.1177071769649053e-09
24.378808543087313,-1.1177071769649053e-09
24.437795589648694,-1.0543357220572578e-09
24.437795589648694,-1.0543357220572578e-09
24.49698969637491,-2.2509156855261837e-10
24.49698969637491,-2.2509156855261837e-10
24.49698969637491,-2.2509156855261837e-10
24.55592465369651,4.563575381998086e-10
24.55592465369651,4.563575381998086e-10
24.61520872004241,2.160818039808384e-10
24.61520872004241,2.160818039808384e-10
24.674300564287616,6.519269524265585e-10
24.674300564287616,6.519269524265585e-10
24.73322588414869,8.125454417659947e-10
24.73322588414869,8.125454417659947e-10
24.79239584649385,9.056408567129784e-10
24.79239584649385,9.056408567129784e-10
24.851489012345432,9.039034922372295e-10
24.851489012345432,9.039034922372295e-10
24.910580060927174,9.024787275952833e-10
24.910580060927174,9.024787275952833e-10
24.96965550557868,1.7451157943483612e-09
24.96965550557868,1.7451157943483612e-09
25.02872578780777,2.510096170006042e-09
25.02872578780777,2.510096170006042e-09
25.087871238442773,2.7154365650993144e-09
25.087871238442773,2.7154365650993144e-09
25.146850999673486,2.8579790183774247e-09
25.146850999673486,2.8579790183774247e-09
25.206004684971166,1.936584310144665e-09
25.206004684971166,1.936584310144665e-09
25.266203337057306,1.662691243974751e-10
25.266203337057306,1.662691243974751e-10
25.326252947199503,3.280159433706616e-10
25.326252947199503,3.280159433706616e-10
25.386469470677525,4.044888677279602e-10
25.386469470677525,4.044888677279602e-10
25.446416482489507,7.785597111546005e-10
25.446416482489507,7.785597111546005e-10
25.506710546622006,3.5790178794849885e-10
25.506710546622006,3.5790178794849885e-10
25.566685825844953,6.508843498592309e-10
25.566685825844953,6.508843498592309e-10
25.626961122160484,4.255372899784182e-10
25.626961122160484,4.255372899784182e-10
25.686914591071996,-1.5132786064060632e-10
25.686914591071996,-1.5132786064060632e-10
25.747172309696907,-1.2465431821538729e-09
25.747172309696907,-1.2465431821538729e-09
25.807195346905335,-1.5335062440214893e-09
25.807195346905335,-1.5335062440214893e-09
25.867389632496135,-1.9275243088950033e-09
25.867389632496135,-1.9275243088950033e-09
25.92748723691448,-1.219447190430739e-09
25.92748723691448,-1.219447190430739e-09
25.987684974346493,1.868971976487499e-10
25.987684974346493,1.868971976487499e-10
25.987684974346493,1.868971976487499e-10
26.04784078678353,2.5444293586202125e-10
26.04784078678353,2.5444293586202125e-10
26.107788193397354,1.1547035899996776e-09
26.107788193397354,1.1547035899996776e-09
26.167995393114257,9.197844877758885e-10
26.167995393114257,9.197844877758885e-10
26.22814414437754,1.0009363836273256e-09
26.22814414437754,1.0009363836273256e-09
26.288292235602526,7.242637470118893e-10
26.288292235602526,7.242637470118893e-10
26.348324616573368,9.591009334164275e-10
26.348324616573368,9.591009334164275e-10
26.408521963058867,1.6937382975536124e-09
26.408521963058867,1.6937382975536124e-09
26.46855178792346,2.7320986816989616e-09
26.46855178792346,2.7320986816989616e-09
26.52877397625312,2.790503546806593e-09
26.52877397625312,2.790503546806593e-09
26.588721957681805,3.2196466296340042e-09
26.588721957681805,3.2196466296340042e-09
26.64894752755416,2.4383485078358773e-09
26.64894752755416,2.4383485078358773e-09
26.709248040003914,2.2995506643828933e-10
26.709248040003914,2.2995506643828933e-10
26.76931333218865,3.1445799739951083e-10
26.76931333218865,3.1445799739951083e-10
26.76931333218865,3.1445799739951083e-10
26.829182510749146,1.0873537839531731e-09
26.829182510749146,1.0873537839531731e-09
26.889643309050197,6.618785167537944e-10
26.889643309050197,6.618785167537944e-10
26.94966782593618,1.0416294752829577e-09
26.94966782593618,1.0416294752829577e-09
27.00977466449885,1.1573029700885804e-09
27.00977466449885,1.1573029700885804e-09
27.07086623910271,1.2344048582986588e-09
27.07086623910271,1.2344048582986588e-09
27.131998535683064,3.5824391786247476e-10
27.131998535683064,3.5824391786247476e-10
27.131998535683064,3.5824391786247476e-10
27.193103323226783,-3.679422549274355e-10
27.193103323226783,-3.679422549274355e-10
27.2542142090123,-8.80345698167119e-10
27.2542142090123,-8.80345698167119e-10
27.315329141511004,-1.053375716759345e-09
27.315329141511004,-1.053375716759345e-09
27.376450839814705,-7.368252860715658e-11
27.376450839814705,-7.368252860715658e-11
27.437667280998514,6.50230767562654e-10
27.437667280998514,6.50230767562654e-10
27.49878077225916,6.407350178438921e-10
27.49878077225916,6.407350178438921e-10
27.559884778851586,1.7153270410060635e-09
27.559884778851586,1.7153270410060635e-09
27.62099260335005,1.4111452614587558e-09
27.62099260335005,1.4111452614587558e-09
27.62099260335005,1.4111452614587558e-09
27.682116369043285,1.4669053466415868e-09
27.682116369043285,1.4669053466415868e-09
27.74323932663758,1.3813884152351027e-09
27.74323932663758,1.3813884152351027e-09
27.80436435758661,1.5775860809743828e-09
27.80436435758661,1.5775860809743828e-09
27.865476561433102,2.544889254646854e-09
27.865476561433102,2.544889254646854e-09
27.926591600892237,3.397286140490569e-09
27.926591600892237,3.397286140490569e-09
27.98771411816908,3.754098506225656e-09
27.98771411816908,3.754098506225656e-09
28.048831401554864,3.763567748128836e-09
28.048831401554864,3.763567748128836e-09
28.048831401554864,3.763567748128836e-09
28.109953379313513,3.4578963310771817e-09
28.109953379313513,3.4578963310771817e-09
28.171178866888376,8.247498071902587e-10
28.171178866888376,8.247498071902587e-10
28.2322761986047,8.063396895672255e-10
28.2322761986047,8.063396895672255e-10
28.293382248616407,2.021399397868442e-09
28.293382248616407,2.021399397868442e-09
28.354491725520788,1.6600490370512628e-09
28.354491725520788,1.6600490370512628e-09
28.415616596809414,1.6879327186669007e-09
28.415616596809414,1.6879327186669007e-09
28.415616596809414,1.6879327186669007e-09
28.47674011228381,1.5861633656052138e-09
28.47674011228381,1.5861633656052138e-09
28.537865229447025,1.6396694237909903e-09
28.537865229447025,1.6396694237909903e-09
28.598977462596558,7.48686178646209e-10
28.598977462596558,7.48686178646209e-10
28.66009829476122,3.4097968618020286e-11
28.66009829476122,3.4097968618020286e-11
28.72121191070974,-4.683388976070221e-10
28.72121191070974,-4.683388976070221e-10
28.72121191070974,-4.683388976070221e-10
28.78233045671297,-4.130055509697292e-10
28.78233045671297,-4.130055509697292e-10
28.84346951289239,5.382318857315507e-10
28.84346951289239,5.382318857315507e-10
28.90467484355647,8.288922074021695e-10
28.90467484355647,8.288922074021695e-10
28.965772518652948,8.127206021212781e-10
28.965772518652948,8.127206021212781e-10
29.026881302497063,1.7719316095411648e-09
29.026881302497063,1.7719316095411648e-09
29.026881302497063,1.7719316095411648e-09
29.087992305488118,1.6619917863912834e-09
29.087992305488118,1.6619917863912834e-09
29.14911710421923,1.7486501265007893e-09
29.14911710421923,1.7486501265007893e-09
29.21012822072486,1.4451983456961776e-09
29.21012822072486,1.4451983456961776e-09
29.27242672454509,2.537828306860098e-09
29.27242672454509,2.537828306860098e-09
29.334558540050168,3.4738317876583217e-09
29.334558540050168,3.4738317876583217e-09
29.334558540050168,3.4738317876583217e-09
29.39667472489632,4.014223684494856e-09
29.39667472489632,4.014223684494856e-09
29.458805236565833,4.318160966752197e-09
29.458805236565833,4.318160966752197e-09
29.520941915987603,4.009760773727999e-09
29.520941915987603,4.009760773727999e-09
29.583136893809698,1.0928910361505256e-09
29.583136893809698,1.0928910361505256e-09
29.583136893809698,1.0928910361505256e-09
29.645330335664458,7.982937272462895e-10
29.645330335664458,7.982937272462895e-10
29.70744799522813,2.1024292920004007e-09
29.70744799522813,2.1024292920004007e-09
29.76946831971457,1.4748852884526515e-09
29.76946831971457,1.4748852884526515e-09
29.831770806583034,1.6777751210989545e-09
29.831770806583034,1.6777751210989545e-09
29.831770806583034,1.6777751210989545e-09
29.893891109090152,1.775377542215477e-09
29.893891109090152,1.775377542215477e-09
29.955917457395397,1.290391438766941e-09
29.955917457395397,1.290391438766941e-09
30.018201837666687,4.832275730852241e-10
30.018201837666687,4.832275730852241e-10
30.080307880642703,-2.9867135862865927e-10
30.080307880642703,-2.9867135862865927e-10
30.080307880642703,-2.9867135862865927e-10
30.142429818570864,-8.355865292535795e-10
30.142429818570864,-8.355865292535795e-10
30.204562304489258,-9.676865709673348e-10
30.204562304489258,-9.676865709673348e-10
30.266703504563303,1.025477744213965e-10
30.266703504563303,1.025477744213965e-10
30.328995097834653,7.083395789364566e-10
30.328995097834653,7.083395789364566e-10
30.328995097834653,7.083395789364566e-10
30.390957196876286,6.688378840534275e-10
30.390957196876286,6.688378840534275e-10
30.453228674263887,1.743000718500898e-09
30.453228674263887,1.743000718500898e-09
30.51524396202941,1.305267941461242e-09
30.51524396202941,1.305267941461242e-09
30.57758192620937,1.46265978986253e-09
30.57758192620937,1.46265978986253e-09
30.6396537580739,1.0037199413441816e-09
30.6396537580739,1.0037199413441816e-09
30.6396537580739,1.0037199413441816e-09
30.701804848803786,9.403504599816247e-10
30.701804848803786,9.403504599816247e-10
30.763941432222616,1.871656515217046e-09
30.763941432222616,1.871656515217046e-09
30.826050547141055,2.7225336858023977e-09
30.826050547141055,2.7225336858023977e-09
30.888190014872094,3.11715168605127e-09
30.888190014872094,3.11715168605127e-09
30.95031567216813,3.0306485390447364e-09
30.95031567216813,3.0306485390447364e-09
31.01246373373956,1.2875456865783786e-09
31.01246373373956,1.2875456865783786e-09
31.07466953420839,3.7844789335314544e-10
31.07466953420839,3.7844789335314544e-10
31.13683006081466,3.208626484195818e-10
31.13683006081466,3.208626484195818e-10
31.19896229055362,7.401363739156435e-10
31.19896229055362,7.401363739156435e-10
31.261117763361547,6.205472124959885e-10
31.261117763361547,6.205472124959885e-10
31.323258997005667,7.216636252800227e-10
31.323258997005667,7.216636252800227e-10
31.323258997005667,7.216636252800227e-10
31.385416544422707,4.931882661642327e-10
31.385416544422707,4.931882661642327e-10
31.447564545045363,-4.873623154454918e-10
31.447564545045363,-4.873623154454918e-10
31.509695362192097,-1.3153424426005314e-09
31.509695362192097,-1.3153424426005314e-09
31.57177988531296,-1.96251685154864e-09
31.57177988531296,-1.96251685154864e-09
31.633941460203147,-1.9675655473405836e-09
31.633941460203147,-1.9675655473405836e-09
31.696080080226377,-1.476291653567871e-09
31.696080080226377,-1.476291653567871e-09
31.75825994070024,4.3405906473281684e-12
31.75825994070024,4.3405906473281684e-12
31.820449147826285,2.154782677418407e-10
31.820449147826285,2.154782677418407e-10
31.882615165510508,5.586190665459797e-10
31.882615165510508,5.586190665459797e-10
31.94478343794267,6.991283876029487e-10
31.94478343794267,6.991283876029487e-10
32.00692486912285,6.761869254255794e-10
32.00692486912285,6.761869254255794e-10
32.069984281751346,8.674297433738809e-10
32.069984281751346,8.674297433738809e-10
32.133134979247956,8.821244452594891e-10
32.133134979247956,8.821244452594891e-10
32.196340995492136,1.7723344556924458e-09
32.196340995492136,1.7723344556924458e-09
32.259426180246436,2.4021345464272577e-09
32.259426180246436,2.4021345464272577e-09
32.32255320201588,3.0815809198316e-09
32.32255320201588,3.0815809198316e-09
32.38573133756764,2.992800868153317e-09
32.38573133756764,2.992800868153317e-09
32.44887329032924,2.279803059247569e-09
32.44887329032924,2.279803059247569e-09
32.51212707522266,2.9755804643177843e-10
32.51212707522266,2.9755804643177843e-10
32.575268110936875,3.7430409978001964e-10
32.575268110936875,3.7430409978001964e-10
32.63834920121996,1.0986033239410952e-09
32.63834920121996,1.0986033239410952e-09
32.70150977534795,1.0194870467949531e-09
32.70150977534795,1.0194870467949531e-09
32.76464940239459,9.965017700263538e-10
32.76464940239459,9.965017700263538e-10
32.82782552156328,8.832296144596287e-10
32.82782552156328,8.832296144596287e-10
32.89093557350916,5.618848063671e-11
32.89093557350916,5.618848063671e-11
32.95416409795414,-9.806709497478354e-10
32.95416409795414,-9.806709497478354e-10
33.01720899145943,-1.3801022103441823e-09
33.01720899145943,-1.3801022103441823e-09
33.08042720378807,-1.7093403980954734e-09
33.08042720378807,-1.7093403980954734e-09
33.14353606391022,-7.311518494725749e-10
33.14353606391022,-7.311518494725749e-10
33.20674884805816,4.1052433029376e-10
33.20674884805816,4.1052433029376e-10
33.269928291651716,5.537192429767337e-10
33.269928291651716,5.537192429767337e-10
33.33304789913969,1.3942105456412672e-09
33.39621757410655,1.4483465247689256e-09
33.39621757410655,1.4483465247689256e-09
33.45938550593884,1.5142781366781002e-09
33.45938550593884,1.5142781366781002e-09
33.522389732025886,1.8338522857121775e-09
33.522389732025886,1.8338522857121775e-09
33.58569081620026,1.4619523557622638e-09
33.58569081620026,1.4619523557622638e-09
33.648692268132045,2.84555732217689e-09
33.648692268132045,2.84555732217689e-09
33.71195983610713,3.19412267984218e-09
33.71195983610713,3.19412267984218e-09
33.77507907984891,3.899733162717085e-09
33.77507907984891,3.899733162717085e-09
33.83819997802187,3.757234434934205e-09
33.83819997802187,3.757234434934205e-09
33.90136656722186,2.318440521439924e-09
33.90136656722186,2.318440521439924e-09
33.96460425786172,6.963170470167951e-10
33.96460425786172,6.963170470167951e-10
34.02745183669087,2.223239595477408e-09
34.02745183669087,2.223239595477408e-09
34.090894747202185,1.1441451775885688e-09
34.090894747202185,1.1441451775885688e-09
34.153980388205504,1.2580981425601133e-09
34.153980388205504,1.2580981425601133e-09
34.21713131867464,1.2420798403888583e-09
34.21713131867464,1.2420798403888583e-09
34.28028275292919,1.2383609591436974e-09
34.28028275292919,1.2383609591436974e-09
34.34342567565034,2.1013505335768263e-10
34.34342567565034,2.1013505335768263e-10
34.406627516033026,-5.831373188334597e-10
34.406627516033026,-5.831373188334597e-10
34.469741655112244,-7.934028318958963e-10
34.469741655112244,-7.934028318958963e-10
34.53287602949551,-8.952440770670401e-10
34.53287602949551,-8.952440770670401e-10
34.596004391125966,5.520358112472146e-11
34.596004391125966,5.520358112472146e-11
34.659180905831455,5.669209009358245e-10
34.659180905831455,5.669209009358245e-10
34.72242812687276,6.053152293316634e-10
34.72242812687276,6.053152293316634e-10
34.785559999513694,2.012293791422194e-09
34.785559999513694,2.012293791422194e-09
34.84851777367184,1.819656643358773e-09
34.84851777367184,1.819656643358773e-09
34.91185976013242,1.6204874836119925e-09
34.91185976013242,1.6204874836119925e-09
34.97500119121258,1.6863438154443274e-09
34.97500119121258,1.6863438154443274e-09
35.03796207445792,1.7838618841194674e-09
35.10129664666863,2.5173247042424232e-09
35.10129664666863,2.5173247042424232e-09
35.16443584621818,3.2722273328011486e-09
35.16443584621818,3.2722273328011486e-09
35.22712441652356,3.9399629482334175e-09
35.22712441652356,3.9399629482334175e-09
35.289435346808176,3.7626443321822635e-09
35.289435346808176,3.7626443321822635e-09
35.351370634567076,1.3751077978206572e-09
35.351370634567076,1.3751077978206572e-09
35.41293940149964,7.384453283446404e-10
35.41293940149964,7.384453283446404e-10
35.47383075498638,2.0468524871951107e-09
35.47383075498638,2.0468524871951107e-09
35.53470514624368,1.5181078849622763e-09
35.53470514624368,1.5181078849622763e-09
35.59498054701523,1.6369702386596649e-09
35.59498054701523,1.6369702386596649e-09
35.654641862789475,1.8396913680724942e-09
35.654641862789475,1.8396913680724942e-09
35.71426776940786,1.5446669435410974e-09
35.71426776940786,1.5446669435410974e-09
35.77329885378927,7.51537487011996e-10
35.77329885378927,7.51537487011996e-10
35.831736525528115,2.2385325826118022e-10
35.831736525528115,2.2385325826118022e-10
35.89011925602585,-1.032073642005674e-09
35.89011925602585,-1.032073642005674e-09
35.947862834234215,-1.0907648628202469e-09
35.947862834234215,-1.0907648628202469e-09
36.00529916557343,-9.062722350220223e-10
36.00529916557343,-9.062722350220223e-10
36.06230719735075,1.3929401325094015e-10
36.06230719735075,1.3929401325094015e-10
36.11887390461881,7.455000863984194e-10
36.11887390461881,7.455000863984194e-10
36.17485744931434,8.836231919626312e-10
36.17485744931434,8.836231919626312e-10
36.23079622428641,1.5542254324856472e-09
36.23079622428641,1.5542254324856472e-09
36.28611663298952,1.5104183290735733e-09
36.34104809392348,1.5541889675535614e-09
36.34104809392348,1.5541889675535614e-09
36.399622259082996,1.9469187826066104e-09
36.399622259082996,1.9469187826066104e-09
36.46197673707488,1.9079549381272063e-09
36.46197673707488,1.9079549381272063e-09
36.526161325345946,2.693964032321893e-09
36.526161325345946,2.693964032321893e-09
36.59015389930962,3.5207302045341204e-09
36.59015389930962,3.5207302045341204e-09
36.654539890801786,3.772909995987394e-09
36.654539890801786,3.772909995987394e-09
36.718631408984294,3.753324422130222e-09
36.718631408984294,3.753324422130222e-09
36.78277124994613,3.5055856108592853e-09
36.78277124994613,3.5055856108592853e-09
36.84703251130103,7.663235645095218e-10
36.84703251130103,7.663235645095218e-10
36.910957220693746,1.6962379724088903e-09
36.910957220693746,1.6962379724088903e-09
36.97541917444451,1.516545451317836e-09
36.97541917444451,1.516545451317836e-09
37.03932828972143,1.4893755434092847e-09
37.03932828972143,1.4893755434092847e-09
37.103767820230715,1.5481268764678059e-09
37.103767820230715,1.5481268764678059e-09
37.16760130275023,1.3957152350812368e-09
37.16760130275023,1.3957152350812368e-09
37.23205876030556,5.421477013269033e-10
37.23205876030556,5.421477013269033e-10
37.23205876030556,5.421477013269033e-10
37.29595378898107,-7.514462137931354e-11
37.29595378898107,-7.514462137931354e-11
37.360354970253645,-8.039042321769402e-10
37.360354970253645,-8.039042321769402e-10
37.424450731853945,-9.478947195803827e-10
37.424450731853945,-9.478947195803827e-10
37.424450731853945,-9.478947195803827e-10
37.48843317130153,5.081459378058693e-10
37.48843317130153,5.081459378058693e-10
37.55283207276229,6.160468993005736e-10
37.55283207276229,6.160468993005736e-10
37.61708919451474,7.757503488713125e-10
37.61708919451474,7.757503488713125e-10
37.61708919451474,7.757503488713125e-10
37.68089350092297,1.6627698657797056e-09
37.68089350092297,1.6627698657797056e-09
37.745397905234256,1.6481417513062627e-09
37.745397905234256,1.6481417513062627e-09
37.80928761511205,1.6055037243617096e-09
37.80928761511205,1.6055037243617096e-09
37.87373261756105,1.6608755685331003e-09
37.87373261756105,1.6608755685331003e-09
37.937550795119435,2.186979669832147e-09
37.937550795119435,2.186979669832147e-09
38.00199166454889,3.3196295971533836e-09
38.00199166454889,3.3196295971533836e-09
38.066118418477785,4.141248634713553e-09
38.066118418477785,4.141248634713553e-09
38.13009307799484,4.310817238357707e-09
38.13009307799484,4.310817238357707e-09
38.13009307799484,4.310817238357707e-09
38.19442690609477,3.94801341898135e-09
38.19442690609477,3.94801341898135e-09
38.2586817595849,1.033836790273468e-09
38.2586817595849,1.033836790273468e-09
38.322644893761094,7.854347006163235e-10
38.322644893761094,7.854347006163235e-10
38.387070404174274,2.0295936978978327e-09
38.387070404174274,2.0295936978978327e-09
38.450738862279266,9.397601823122645e-10
38.450738862279266,9.397601823122645e-10
38.51534460421934,1.8132421998353887e-09
38.51534460421934,1.8132421998353887e-09
38.57954385383299,1.860491493072918e-09
38.57954385383299,1.860491493072918e-09
38.57954385383299,1.860491493072918e-09
38.643355463511995,1.2144964414128292e-09
38.643355463511995,1.2144964414128292e-09
38.70782676003769,6.314750415813256e-10
38.70782676003769,6.314750415813256e-10
38.77175052443456,9.39961688670686e-13
38.77175052443456,9.39961688670686e-13
38.83612515485043,-6.695660428814205e-10
38.83612515485043,-6.695660428814205e-10
38.90007981606167,-5.739111176312345e-11
38.90007981606167,-5.739111176312345e-11
38.90007981606167,-5.739111176312345e-11
38.964445693554595,4.56082412704506e-10
38.964445693554595,4.56082412704506e-10
38.964445693554595,4.56082412704506e-10
39.028718334393425,8.307395819948799e-10
39.028718334393425,8.307395819948799e-10
39.092397582989165,1.349058662711044e-09
39.092397582989165,1.349058662711044e-09
39.1569807000843,1.9411324412899803e-09
39.1569807000843,1.9411324412899803e-09
39.22120912030345,1.6846575442402668e-09
39.22120912030345,1.6846575442402668e-09
39.22120912030345,1.6846575442402668e-09
39.284897821580536,1.0239600712259205e-09
39.284897821580536,1.0239600712259205e-09
39.34947897542276,1.9455869023566437e-09
39.34947897542276,1.9455869023566437e-09
39.41367373363268,2.7076344414756662e-09
39.41367373363268,2.7076344414756662e-09
39.477379226877005,2.9635500859668273e-09
39.477379226877005,2.9635500859668273e-09
39.54194220432667,4.11553392083968e-09
39.54194220432667,4.11553392083968e-09
39.60571148923019,3.961588654621817e-09
39.60571148923019,3.961588654621817e-09
39.60571148923019,3.961588654621817e-09
39.66873895538879,3.9228353372958155e-09
39.66873895538879,3.9228353372958155e-09
39.73200235320715,8.882722318630243e-10
39.73200235320715,8.882722318630243e-10
39.79456529760589,7.918640204199805e-10
39.79456529760589,7.918640204199805e-10
39.856156853516936,1.1570279668286641e-09
39.856156853516936,1.1570279668286641e-09
39.856156853516936,1.1570279668286641e-09
39.91831079368361,1.8064905083057141e-09
39.91831079368361,1.8064905083057141e-09
39.97962350080436,1.6132117654031682e-09
39.97962350080436,1.6132117654031682e-09
40.04001564667646,1.1629568274798183e-09
40.04001564667646,1.1629568274798183e-09
40.10089189837765,1.7553366742453075e-09
40.10089189837765,1.7553366742453075e-09
40.16084554224568,1.2117553114350878e-09
40.16084554224568,1.2117553114350878e-09
40.220406654290244,4.6483519532646013e-10
40.220406654290244,4.6483519532646013e-10
40.27977649742071,-4.3338457060798467e-10
40.27977649742071,-4.3338457060798467e-10
40.27977649742071,-4.3338457060798467e-10
40.338207605022305,-3.338441906990466e-10
40.338207605022305,-3.338441906990466e-10
40.39693394161969,4.498270825313913e-10
40.39693394161969,4.498270825313913e-10
40.454988324357295,8.837010802330639e-10
40.454988324357295,8.837010802330639e-10
40.454988324357295,8.837010802330639e-10
40.51244804947727,1.0065570450628259e-09
40.51244804947727,1.0065570450628259e-09
40.569594240539864,2.7577437977311036e-09
40.569594240539864,2.7577437977311036e-09
40.626378276362395,2.183331062946486e-09
40.682713151896436,2.017800095601585e-09
40.682713151896436,2.017800095601585e-09
40.73865071748664,2.1509218629842467e-09
40.73865071748664,2.1509218629842467e-09
40.79418186774876,2.0472056833990868e-09
40.79418186774876,2.0472056833990868e-09
40.849284761165514,3.002632059859562e-09
40.849284761165514,3.002632059859562e-09
40.90399667010376,3.7703536322035435e-09
40.90399667010376,3.7703536322035435e-09
40.958406904360594,3.630261768537311e-09
40.958406904360594,3.630261768537311e-09
41.01195956105721,4.088103093488355e-09
41.01195956105721,4.088103093488355e-09
41.01195956105721,4.088103093488355e-09
41.065688811354434,4.119479597788911e-09
41.065688811354434,4.119479597788911e-09
41.11877912454305,1.437958802442789e-09
41.11877912454305,1.437958802442789e-09
41.171503221306274,8.690979180639783e-10
41.171503221306274,8.690979180639783e-10
41.171503221306274,8.690979180639783e-10
41.223793142401114,8.124315088114963e-10
41.223793142401114,8.124315088114963e-10
41.2753645144343,2.247231923196268e-09
41.2753645144343,2.247231923196268e-09
41.327054785268786,1.961678793183398e-09
41.327054785268786,1.961678793183398e-09
41.377976492705,2.0484436442357906e-09
41.377976492705,2.0484436442357906e-09
41.377976492705,2.0484436442357906e-09
41.428612127354505,2.189832372839598e-09
41.428612127354505,2.189832372839598e-09
41.478839806540364,2.2968921846031725e-09
41.478839806540364,2.2968921846031725e-09
41.528629144072724,2.2915665692258967e-09
41.528629144072724,2.2915665692258967e-09
41.57801984446473,1.5325330631027667e-09
41.57801984446473,1.5325330631027667e-09
41.62701141247491,8.596131768185376e-10
41.62701141247491,8.596131768185376e-10
41.6756728778817,-3.379301940565401e-10
41.6756728778817,-3.379301940565401e-10
41.6756728778817,-3.379301940565401e-10
41.723662614276996,-1.3982455970298034e-10
41.723662614276996,-1.3982455970298034e-10
41.771566725504606,-1.1892960749895766e-10
41.771566725504606,-1.1892960749895766e-10
41.81894463799773,3.095925864369381e-10
41.81894463799773,3.095925864369381e-10
41.86595562581689,7.536210901420287e-10
41.86595562581689,7.536210901420287e-10
41.912333601206946,9.406954839855076e-10
41.958644880538834,7.880685288699415e-10
42.00420575622423,1.2908731944055766e-09
42.04970175748291,2.0388874141582337e-09
42.094463833200216,2.021623603016095e-09
42.13913354429112,1.5964721360268112e-09
42.18308663297638,1.9400220335466893e-09
42.22694195542756,1.5907920128443787e-09
42.27011569350298,2.8033327027413044e-09
42.31311342312759,2.764876513144932e-09
42.35547385650295,3.886232399230865e-09
42.3976409710371,3.7232746559077905e-09
42.439299455778595,3.894544906609798e-09
42.484645995110164,4.329318444523753e-09
42.533733235688736,3.746684610114043e-09
42.58656574434834,9.251977757139193e-10
42.64308933320809,8.505857673822385e-10
42.70307870503836,1.54775145473722e-09
42.76703204956053,2.306469247430391e-09
42.83218448468865,-0.0006818929214194858
42.897715185625266,-0.0022711689711901743
42.962414306254956,-0.003982433615651898
43.02794816147234,-0.004393639808719214
43.15795962989257,-0.006159137507931916
43.223161891411266,-0.010562689409928541
43.287790756384624,-0.007399778281498234
43.35382790818187,-0.014254115309596279
43.41868450973494,-0.012584696569427959
43.48472223992479,-0.018176027360634603
43.54925308801436,-0.01746887284023606
43.615087461433966,-0.022109971446294
43.679748922490056,-0.02184817027718363
43.74523606053703,-0.025916282344688707
43.81003376008173,-0.02454446178037778
43.94061268758646,-0.028675315136648172
44.00620776596645,-0.03516990279435788
44.07107030065768,-0.03377188137234881
44.136652333503974,-0.04210292722646415
44.26744103899548,-0.04900442466204594
44.33183981523538,-0.04740700595371513
44.39768188187557,-0.05711426346288892
44.46218948215774,-0.056660499629602776
44.528115872109325,-0.06622867761565056
44.592358453137386,-0.0655489483232272
44.65840690331344,-0.07626572604631242
44.722770858136286,-0.07864074128155779
44.78868471001385,-0.08722823763407693
44.853056466382114,-0.09026093657101787
44.983091715202704,-0.10294842890433013
45.04865361290016,-0.11194123430926695
45.04865361290016,-0.11194123430926695
45.11304687226943,-0.11727976537221496
45.17871651086775,-0.12578972601779168
45.24283451952742,-0.1312642860730689
45.30847508498219,-0.14063790539851018
45.37250132545963,-0.1478766557180951
45.50203333114882,-0.16429615993305768
45.56740637196444,-0.1743999100734492
45.63141116784967,-0.18362801778036328
45.69607028518404,-0.1938079189241467
45.825689533297925,-0.2128862433020023
45.88945550979439,-0.22202986550526102
46.01814952592518,-0.24516636752281434
46.0832198393549,-0.2559889818897512
46.14659801799051,-0.2687983278581903
46.27518334832383,-0.2870900900565647
46.339856367853045,-0.3041435097244931
46.40246752720736,-0.3184328218159712
46.46748311990439,-0.3305931926407152
46.530970095102276,-0.3453500418819796
46.59528219382973,-0.35802303616054104
46.65846309101159,-0.37357468180340075
46.722474600815005,-0.38728874867906965
46.78546163379624,-0.4035111285751071
46.849194420366224,-0.41806763342123826
46.91200382435775,-0.4350693494246147
46.97522630218895,-0.4506268228466933
47.03815037831488,-0.4682316661207483
47.10171817563062,-0.4845119553184418
47.22238296891137,-0.5218828809182523
47.28475236732007,-0.5365541493882127
47.40768919638411,-0.5759927898370941
47.46777091547264,-0.595225740568721
47.52652927824314,-0.6154420753920244
47.58360238910403,-0.636794548661725
47.58360238910403,-0.636794548661725
47.58360238910403,-0.636794548661725
47.58360238910403,-0.636794548661725
47.58360238910403,-0.636794548661725
47.58360238910403,-0.636794548661725
47.58360238910403,-0.636794548661725
47.640992510043276,-0.6562603003760196
47.640992510043276,-0.6562603003760196
47.640992510043276,-0.6562603003760196
47.69708148896499,-0.6801287038695356
47.69708148896499,-0.6801287038695356
47.69708148896499,-0.6801287038695356
47.69708148896499,-0.6801287038695356
47.69708148896499,-0.6801287038695356
47.69708148896499,-0.6801287038695356
47.69708148896499,-0.6801287038695356
47.69708148896499,-0.6801287038695356
47.69708148896499,-0.6801287038695356
47.69708148896499,-0.6801287038695356
47.69708148896499,-0.6801287038695356
47.755045180964835,-0.7002414805052446
47.755045180964835,-0.7002414805052446
47.755045180964835,-0.7002414805052446
47.755045180964835,-0.7002414805052446
47.755045180964835,-0.7002414805052446
47.8139569372078,-0.7224824063878842
47.8139569372078,-0.7224824063878842
47.8139569372078,-0.7224824063878842
47.86982975762785,-0.7456400892562629
47.86982975762785,-0.7456400892562629
47.92542733608054,-0.7682306415759615
47.92542733608054,-0.7682306415759615
47.92542733608054,-0.7682306415759615
47.92542733608054,-0.7682306415759615
47.92542733608054,-0.7682306415759615
47.92542733608054,-0.7682306415759615
47.92542733608054,-0.7682306415759615
47.92542733608054,-0.7682306415759615
47.92542733608054,-0.7682306415759615
47.92542733608054,-0.7682306415759615
47.92542733608054,-0.7682306415759615
47.92542733608054,-0.7682306415759615
47.97683287011443,-0.7929292710404406
47.97683287011443,-0.7929292710404406
47.97683287011443,-0.7929292710404406
47.97683287011443,-0.7929292710404406
47.97683287011443,-0.7929292710404406
48.032471100301095,-0.8169428775787042
48.032471100301095,-0.8169428775787042
48.032471100301095,-0.8169428775787042
48.032471100301095,-0.8169428775787042
48.032471100301095,-0.8169428775787042
48.032471100301095,-0.8169428775787042
48.032471100301095,-0.8169428775787042
48.032471100301095,-0.8169428775787042
48.032471100301095,-0.8169428775787042
48.032471100301095,-0.8169428775787042
48.032471100301095,-0.8169428775787042
48.032471100301095,-0.8169428775787042
48.032471100301095,-0.8169428775787042
48.032471100301095,-0.8169428775787042
48.032471100301095,-0.8169428775787042
48.032471100301095,-0.8169428775787042
48.032471100301095,-0.8169428775787042
48.08388891440199,-0.8420765405301769
48.08388891440199,-0.8420765405301769
48.08388891440199,-0.8420765405301769
48.08388891440199,-0.8420765405301769
48.08388891440199,-0.8420765405301769
48.1355473095286,-0.8679003770251861
48.1355473095286,-0.8679003770251861
48.1355473095286,-0.8679003770251861
48.192552303570174,-0.8914739571096274
48.192552303570174,-0.8914739571096274
48.192552303570174,-0.8914739571096274
48.24472024559093,-0.9157019140781187
48.24472024559093,-0.9157019140781187
48.24472024559093,-0.9157019140781187
48.24472024559093,-0.9157019140781187
48.29571156521911,-0.9424197942010272
48.29571156521911,-0.9424197942010272
48.29571156521911,-0.9424197942010272
48.29571156521911,-0.9424197942010272
48.34670264765812,-0.9674675187982542
48.34670264765812,-0.9674675187982542
48.34670264765812,-0.9674675187982542
48.34670264765812,-0.9674675187982542
48.34670264765812,-0.9674675187982542
48.39657689949468,-0.9947914750955865
48.39657689949468,-0.9947914750955865
48.39657689949468,-0.9947914750955865
48.39657689949468,-0.9947914750955865
48.4465283570673,-1.020452521720211
48.4465283570673,-1.020452521720211
48.4465283570673,-1.020452521720211
48.4465283570673,-1.020452521720211
48.4465283570673,-1.020452521720211
48.4465283570673,-1.020452521720211
48.495325793132,-1.0480066852807324
48.495325793132,-1.0480066852807324
48.495325793132,-1.0480066852807324
48.495325793132,-1.0480066852807324
48.495325793132,-1.0480066852807324
48.54411724042866,-1.0743030307382682
48.54411724042866,-1.0743030307382682
48.54411724042866,-1.0743030307382682
48.54411724042866,-1.0743030307382682
48.54411724042866,-1.0743030307382682
48.59185941717905,-1.1021654099878637
48.59185941717905,-1.1021654099878637
48.59185941717905,-1.1021654099878637
48.59185941717905,-1.1021654099878637
48.59185941717905,-1.1021654099878637
48.639361908809015,-1.129251247974104
48.639361908809015,-1.129251247974104
48.639361908809015,-1.129251247974104
48.639361908809015,-1.129251247974104
48.639361908809015,-1.129251247974104
48.685906898662125,-1.1575127742998246
48.685906898662125,-1.1575127742998246
48.685906898662125,-1.1575127742998246
48.685906898662125,-1.1575127742998246
48.685906898662125,-1.1575127742998246
48.73253711186077,-1.1845884155585742
48.73253711186077,-1.1845884155585742
48.73253711186077,-1.1845884155585742
48.73253711186077,-1.1845884155585742
48.778067443437344,-1.2130278274961142
48.778067443437344,-1.2130278274961142
48.778067443437344,-1.2130278274961142
48.778067443437344,-1.2130278274961142
48.778067443437344,-1.2130278274961142
48.778067443437344,-1.2130278274961142
48.778067443437344,-1.2130278274961142
48.82356987914299,-1.2402873210039762
48.82356987914299,-1.2402873210039762
48.82356987914299,-1.2402873210039762
48.82356987914299,-1.2402873210039762
48.82356987914299,-1.2402873210039762
48.86805069143291,-1.269217945647927
48.86805069143291,-1.269217945647927
48.86805069143291,-1.269217945647927
48.86805069143291,-1.269217945647927
48.912713755097556,-1.2966574355005553
48.912713755097556,-1.2966574355005553
48.912713755097556,-1.2966574355005553
48.912713755097556,-1.2966574355005553
48.912713755097556,-1.2966574355005553
48.956315849252945,-1.3254531958975564
48.956315849252945,-1.3254531958975564
48.956315849252945,-1.3254531958975564
48.956315849252945,-1.3254531958975564
48.956315849252945,-1.3254531958975564
48.956315849252945,-1.3254531958975564
48.956315849252945,-1.3254531958975564
48.956315849252945,-1.3254531958975564
48.99807960961504,-1.3536729954242972
48.99807960961504,-1.3536729954242972
48.99807960961504,-1.3536729954242972
48.99807960961504,-1.3536729954242972
48.99807960961504,-1.3536729954242972
48.99807960961504,-1.3536729954242972
48.99807960961504,-1.3536729954242972
49.042386292572225,-1.3823396193445494
49.042386292572225,-1.3823396193445494
49.042386292572225,-1.3823396193445494
49.042386292572225,-1.3823396193445494
49.042386292572225,-1.3823396193445494
49.042386292572225,-1.3823396193445494
49.084917648766236,-1.4102232840203797
49.084917648766236,-1.4102232840203797
49.084917648766236,-1.4102232840203797
49.084917648766236,-1.4102232840203797
49.084917648766236,-1.4102232840203797
49.084917648766236,-1.4102232840203797
49.12663474825291,-1.439263325728363
49.12663474825291,-1.439263325728363
49.12663474825291,-1.439263325728363
49.12663474825291,-1.439263325728363
49.12663474825291,-1.439263325728363
49.12663474825291,-1.439263325728363
49.167858211527275,-1.4674051628858291
49.167858211527275,-1.4674051628858291
49.167858211527275,-1.4674051628858291
49.167858211527275,-1.4674051628858291
49.167858211527275,-1.4674051628858291
49.208595830121126,-1.4965222645386165
49.208595830121126,-1.4965222645386165
49.208595830121126,-1.4965222645386165
49.208595830121126,-1.4965222645386165
49.208595830121126,-1.4965222645386165
49.208595830121126,-1.4965222645386165
49.24885274307379,-1.5244385817080304
49.24885274307379,-1.5244385817080304
49.24885274307379,-1.5244385817080304
49.24885274307379,-1.5244385817080304
49.24885274307379,-1.5244385817080304
49.24885274307379,-1.5244385817080304
49.28869771686548,-1.553550793928351
49.28869771686548,-1.553550793928351
49.28869771686548,-1.553550793928351
49.28869771686548,-1.553550793928351
49.28869771686548,-1.553550793928351
49.28869771686548,-1.553550793928351
49.32783035264605,-1.5818395273955534
49.32783035264605,-1.5818395273955534
49.32783035264605,-1.5818395273955534
49.32783035264605,-1.5818395273955534
49.32783035264605,-1.5818395273955534
49.32783035264605,-1.5818395273955534
49.32783035264605,-1.5818395273955534
49.36173920733707,-1.6112940740207562
49.36173920733707,-1.6112940740207562
49.404347965565236,-1.6396192046733935
49.404347965565236,-1.6396192046733935
49.44266007226644,-1.6685475604746476
49.479848323443335,-1.6968289639944465
49.479848323443335,-1.6968289639944465
49.516726241095995,-1.7260058352188763
49.55279156015706,-1.754402787669435
49.588831752742294,-1.7834515770514137
49.588831752742294,-1.7834515770514137
49.620645088425775,-1.8153991954941526
49.65393835005944,-1.843925018319471
49.65393835005944,-1.843925018319471
49.69243072549966,-1.8694212696555175
49.69243072549966,-1.8694212696555175
49.72029049029515,-1.9002008105636372
49.72029049029515,-1.9002008105636372
49.72029049029515,-1.9002008105636372
49.72029049029515,-1.9002008105636372
49.72029049029515,-1.9002008105636372
49.72029049029515,-1.9002008105636372
49.72029049029515,-1.9002008105636372
49.72029049029515,-1.9002008105636372
49.72029049029515,-1.9002008105636372
49.7561722228514,-1.9286462737990224
49.7561722228514,-1.9286462737990224
49.7561722228514,-1.9286462737990224
49.7561722228514,-1.9286462737990224
49.7561722228514,-1.9286462737990224
49.7561722228514,-1.9286462737990224
49.7561722228514,-1.9286462737990224
49.7561722228514,-1.9286462737990224
49.7561722228514,-1.9286462737990224
49.7561722228514,-1.9286462737990224
49.7561722228514,-1.9286462737990224
49.7561722228514,-1.9286462737990224
49.78698380789551,-1.957015060595317
49.78698380789551,-1.957015060595317
49.78698380789551,-1.957015060595317
49.78698380789551,-1.957015060595317
49.78698380789551,-1.957015060595317
49.78698380789551,-1.957015060595317
49.78698380789551,-1.957015060595317
49.78698380789551,-1.957015060595317
49.78698380789551,-1.957015060595317
49.78698380789551,-1.957015060595317
49.78698380789551,-1.957015060595317
49.78698380789551,-1.957015060595317
49.78698380789551,-1.957015060595317
49.78698380789551,-1.957015060595317
49.78698380789551,-1.957015060595317
49.78698380789551,-1.957015060595317
49.82310983665944,-1.9890934688282453
49.82310983665944,-1.9890934688282453
49.82310983665944,-1.9890934688282453
49.82310983665944,-1.9890934688282453
49.82310983665944,-1.9890934688282453
49.82310983665944,-1.9890934688282453
49.82310983665944,-1.9890934688282453
49.82310983665944,-1.9890934688282453
49.82310983665944,-1.9890934688282453
49.82310983665944,-1.9890934688282453
49.82310983665944,-1.9890934688282453
49.82310983665944,-1.9890934688282453
49.82310983665944,-1.9890934688282453
49.85630275310183,-2.0245915288291854
49.85630275310183,-2.0245915288291854
49.85630275310183,-2.0245915288291854
49.85630275310183,-2.0245915288291854
49.85630275310183,-2.0245915288291854
49.89956962554308,-2.060467876564803
49.89956962554308,-2.060467876564803
49.89956962554308,-2.060467876564803
49.89956962554308,-2.060467876564803
49.89956962554308,-2.060467876564803
49.89956962554308,-2.060467876564803
49.93699578018725,-2.102728513538895
49.93699578018725,-2.102728513538895
49.93699578018725,-2.102728513538895
49.93699578018725,-2.102728513538895
49.93699578018725,-2.102728513538895
49.93699578018725,-2.102728513538895
49.98266413895271,-2.1460798897953683
49.98266413895271,-2.1460798897953683
49.98266413895271,-2.1460798897953683
49.98266413895271,-2.1460798897953683
49.98266413895271,-2.1460798897953683
50.02345975472061,-2.1946670452568724
50.02345975472061,-2.1946670452568724
50.02345975472061,-2.1946670452568724
50.02345975472061,-2.1946670452568724
50.02345975472061,-2.1946670452568724
50.02345975472061,-2.1946670452568724
50.02345975472061,-2.1946670452568724
50.07350774269972,-2.239108146361874
50.07350774269972,-2.239108146361874
50.07350774269972,-2.239108146361874
50.07350774269972,-2.239108146361874
50.07350774269972,-2.239108146361874
50.07350774269972,-2.239108146361874
50.11629965928465,-2.2875162669556737
50.11629965928465,-2.2875162669556737
50.11629965928465,-2.2875162669556737
50.11629965928465,-2.2875162669556737
50.11629965928465,-2.2875162669556737
50.11629965928465,-2.2875162669556737
50.16314647162,-2.3340756224606327
50.16314647162,-2.3340756224606327
50.16314647162,-2.3340756224606327
50.16314647162,-2.3340756224606327
50.16314647162,-2.3340756224606327
50.204621642495184,-2.3825058927316163
50.25365095443419,-2.427757731799211
50.29728168357811,-2.4772875221262938
50.34208403248165,-2.523502459826171
50.34208403248165,-2.523502459826171
50.3837459882928,-2.574104345387855
50.42727035507811,-2.6215624180077155
50.467681197299115,-2.6727417127642354
50.509956173693666,-2.7214830467224056
50.548984212275734,-2.773163102123387
50.548984212275734,-2.773163102123387
50.58992401056767,-2.8233559357118474
50.627429890594435,-2.8760178566832866
50.667004493215295,-2.927326776704917
50.702936005263616,-2.9809789040336043
50.74082561684633,-3.0337433830094076
50.77500497062214,-3.0881888974263183
50.77500497062214,-3.0881888974263183
50.81168927425191,-3.1417860628382726
50.84437283543903,-3.197063810194953
50.87957255638524,-3.2516449396064098
50.910599439429895,-3.307895500401779
50.944288028900665,-3.3632782869932463
50.944288028900665,-3.3632782869932463
50.97362452754547,-3.4204255751705026
51.00575892899864,-3.476666724683359
51.033390242816054,-3.5346421085506488
51.06396172289018,-3.591773340685483
51.090170365592684,-3.6501826717759203
51.090170365592684,-3.6501826717759203
51.119113095560216,-3.7080835083279573
51.14333510278013,-3.7675697755856232
51.170623951945515,-3.826166534244286
51.19307127066538,-3.8862518219253115
51.21867626690791,-3.945863861543426
51.21867626690791,-3.945863861543426
51.23941841891621,-4.006495984900834
51.26338701258051,-4.066801475445506
51.28234879452047,-4.127793618043282
51.304612379148075,-4.188759558098313
51.32180917606423,-4.250215936534403
51.32180917606423,-4.250215936534403
51.34223712503444,-4.311980160564527
51.357584131887435,-4.373590478648675
51.376392830984344,-4.435863591608386
51.39002675311805,-4.497769162812719
51.407073702667475,-4.560572474640628
51.41892622729594,-4.6229386865388555
51.41892622729594,-4.6229386865388555
51.43377597568144,-4.686811068640506
51.44509878188136,-4.749456035449989
51.457967110507695,-4.81247893049044
51.467304182397676,-4.874605085436713
51.478036994716675,-4.937291488566489
51.48547500592607,-4.998924115953594
51.48547500592607,-4.998924115953594
51.49409540232916,-5.060935062639681
51.49928528971709,-5.122119638822561
51.5056298908106,-5.183711424335017
51.508725003649204,-5.244348213604365
51.512875565214934,-5.305621709029501
51.51398672001596,-5.365970486315324
51.51398672001596,-5.365970486315324
51.51616225145464,-5.42738015643921
51.51540463638626,-5.486914944786779
51.515543053228114,-5.547337600192991
51.51285294515676,-5.606107146607274
51.510994551543845,-5.665903334966948
51.506172803734586,-5.724048250439112
51.506172803734586,-5.724048250439112
51.502279908668314,-5.783019801298925
51.49598747553143,-5.840262242649612
51.490397699685964,-5.898531747616546
51.48252282083841,-5.954797877228318
51.47527540420783,-6.012434535044465
51.465881633208255,-6.068077306388796
51.465881633208255,-6.068077306388796
51.45698973109877,-6.125085652588641
51.446099736782024,-6.180416836593101
51.43566185578506,-6.236391420319263
51.42339068535311,-6.290262145015015
51.411542005608524,-6.345323832842775
51.39803642856568,-6.398306538503885
51.39803642856568,-6.398306538503885
51.38523562646606,-6.452315122305315
51.370748948814416,-6.504518844592334
51.3563752503269,-6.557646614465147
51.34064114716579,-6.6087763910487345
51.325089722063105,-6.660945672589875
51.308332441787854,-6.711197347974857
51.308332441787854,-6.711197347974857
51.291712925372345,-6.762263460681783
51.274067130533396,-6.811546672212555
51.25303887159642,-6.859635678644847
51.22991770788992,-6.909065412756658
51.205183790528444,-6.9639056042537115
51.205183790528444,-6.9639056042537115
51.18039435112695,-7.019679482614783
51.155836612930116,-7.081075780690334
51.12914565741715,-7.13659141592511
51.10384291847028,-7.197446273537332
51.07536869737643,-7.2520108802489105
51.0479993167845,-7.311836926862881
51.0479993167845,-7.311836926862881
51.017437601988846,-7.365275628047468
50.98765296508517,-7.423951922270993
50.95498384292849,-7.476235759243889
50.92304680278941,-7.533814381578837
50.88824518970564,-7.5848586455254114
50.853463328772946,-7.6411376782138545
50.853463328772946,-7.6411376782138545
50.81782463648637,-7.691028475716714
50.78035061816327,-7.746114705855704
50.74256651280234,-7.794414979518849
50.702399661546885,-7.847933971576015
50.66259034517951,-7.89470832520372
50.66259034517951,-7.89470832520372
50.620089265094045,-7.946804768138662
50.57832851930156,-7.992028400892996
50.53420649352827,-8.042604114288965
50.49105644199537,-8.086292557407704
50.445043631392444,-8.135208034273482
50.40022703953178,-8.17723323752588
50.40022703953178,-8.17723323752588
50.352043808526865,-8.224394113679152
50.305977421415214,-8.264702256354797
50.256217694678654,-8.310023659036194
50.20870028012612,-8.348562261214935
50.15720686635017,-8.391955681638345
50.108042648175825,-8.428677114114478
50.108042648175825,-8.428677114114478
50.054014510177396,-8.470073767564235
50.00311234915423,-8.504959856617653
49.94823856338539,-8.544265158853815
49.896043286097736,-8.577216417742369
49.83959100609927,-8.614343702699342
49.786153536440025,-8.645335599205152
49.786153536440025,-8.645335599205152
49.72763340951478,-8.679414030165493
49.67359004448331,-8.709198748903535
49.61365404440291,-8.740144818478404
49.55887688646916,-8.768617709050641
49.496883514849664,-8.796561287877928
49.496883514849664,-8.796561287877928
49.441281521181885,-8.82416256139736
49.378884824244274,-8.849758924489969
49.32232911328094,-8.875291238060868
49.26021770442053,-8.894760400082733
49.19948778740294,-8.911765877867717
49.13353796206199,-8.92053813768786
49.13353796206199,-8.92053813768786
49.072685008695125,-8.93248588603792
49.0051032105105,-8.941617602011178
48.94408848737251,-8.952719283775743
48.87650558762216,-8.960092089583963
48.81463076130839,-8.969150401992088
48.81463076130839,-8.969150401992088
48.74668609033227,-8.9712327524198
48.68445959628,-8.976209951191336
48.61543653227717,-8.974616071660373
48.55382364997846,-8.975248489123807
48.484550997603016,-8.973540733543077
48.42223112389019,-8.969965097850807
48.29162997314009,-8.955297607415751
48.16105720542094,-8.936621521415223
48.09223549744506,-8.926381986230854
47.90227237076685,-8.877642521467887
47.77512539157168,-8.837931621699283
47.650148992813286,-8.792104606024251
47.527635914580344,-8.739100000924195
47.40767987483911,-8.679796606034618
47.2922533620488,-8.61152734156706
47.1206235993731,-8.497896862938504
47.06929552086839,-8.458782447499221
46.964498928730464,-8.373447091022518
46.86526175053353,-8.28269380113857
46.77003092618178,-8.186371415310656
46.635759809713505,-8.02924637250746
46.596785999655445,-7.977974423666721
46.47916393541543,-7.8061758522669304
46.44637074776125,-7.750585298474439
46.38000104286619,-7.63106398467218
46.31959290024187,-7.507733807982051
46.24243652368434,-7.312395500083973
46.21873475161679,-7.24946075216309
46.163027957501164,-7.0484558374652915
46.13453050217591,-6.913898094482874
46.11357472476989,-6.777228128642847
46.100159232452874,-6.639546764075623
46.09441439081452,-6.501460180484968
46.09649055940546,-6.363707078971312
46.111582720094006,-6.1584887041105745
46.12338306308556,-6.089382415518202
46.14817251983067,-5.952604831921911
46.19742547287035,-5.752050754421474
46.22053067740812,-5.686150565416488
46.291882276030115,-5.492039698802853
46.34981404920496,-5.366847502592377
46.414621538566,-5.245107381552287
46.486164472519064,-5.127105964734816
46.56411764185975,-5.012876407635733
46.69399053724867,-4.8535451732240205
46.78468761594312,-4.754986559799262
46.87936781219291,-4.662476773110685
46.97865107043441,-4.5765668885104365
47.080632508224156,-4.496975719142539
47.185258597149215,-4.423838357932177
47.347658539153734,-4.325027127003204
47.40154030577846,-4.2962260128758825
47.56939544692564,-4.21728370681842
47.68209690402746,-4.17299905442513
47.79522136837806,-4.134974261618299
47.908755269654066,-4.103348751185332
48.02228252651068,-4.077528093644027
48.19162508691248,-4.04886660165414
48.30387492786297,-4.036327977017456
48.41531097279045,-4.029203972852776
48.52546994753968,-4.027257579550914
48.579135569605064,-4.028828772525502
48.686404132335205,-4.031888209066545
48.73998899842276,-4.037907408808014
48.79208149549589,-4.03962580345389
48.84556789538133,-4.049973095340243
48.94746651661028,-4.067468779534776
48.99724908818141,-4.076554283087289
49.047556137569565,-4.087392648975042
49.09674106290599,-4.091669189869705
49.19373126871283,-4.121382061211205
49.24109168358983,-4.136972191941067
49.287817544212565,-4.145672165378334
49.334187562664965,-4.166703225706437
49.425637450104325,-4.1986098483473135
49.46864520951532,-4.21281534050853
49.554635472037916,-4.250801040049417
49.59897238197367,-4.269861124578566
49.637817677153194,-4.290200557727876
49.68077763416677,-4.309035246155396
49.75929091875074,-4.350689565428431
49.796134580253046,-4.372727597748721
49.83377339046368,-4.394426949454289
49.90865875072696,-4.43810710675926
49.94270672609393,-4.4609900254506405
50.012139442223805,-4.507853118281793
50.04630707672506,-4.530688060068722
50.075012815050904,-4.555396735504328
50.10759652766556,-4.57984057881238
50.16651712204297,-4.629605614999431
50.19656996361292,-4.653117064030592
50.257492635647026,-4.701963531465556
50.28639780055505,-4.726006641195876
50.31324550558209,-4.7514062259996885
50.339661203006564,-4.775751187476881
50.36513079763519,-4.8010573497129885
50.39026588520614,-4.825498560578757
50.39026588520614,-4.825498560578757
50.41447247348123,-4.850663861649983
50.43837953465602,-4.87516356570843
50.461369691871724,-4.900101855170704
50.48405863357828,-4.924548048668524
50.50590946522281,-4.949197770355074
50.52738487404119,-4.973522477701034
50.52738487404119,-4.973522477701034
50.54816983560806,-4.9978550580931715
50.54816983560806,-4.9978550580931715
50.54816983560806,-4.9978550580931715
50.56850720106632,-5.021977391620996
50.56850720106632,-5.021977391620996
50.58827127430505,-5.0459886553107784
50.58827127430505,-5.0459886553107784
50.60746917527771,-5.070146532249496
50.60746917527771,-5.070146532249496
50.62618659651536,-5.09388368318007
50.62618659651536,-5.09388368318007
50.62618659651536,-5.09388368318007
50.64446873179773,-5.117416946170565
50.662279329737245,-5.140778487761474
50.662279329737245,-5.140778487761474
50.67961276851333,-5.163959391924648
50.67961276851333,-5.163959391924648
50.69647171945667,-5.186964667518774
50.69647171945667,-5.186964667518774
50.69647171945667,-5.186964667518774
50.71285809601081,-5.209789952387451
50.71285809601081,-5.209789952387451
50.728825906599994,-5.232402017058575
50.728825906599994,-5.232402017058575
50.74435957507546,-5.254819583163761
50.74435957507546,-5.254819583163761
50.74435957507546,-5.254819583163761
50.759465182617284,-5.277027864428815
50.759465182617284,-5.277027864428815
50.774151710902416,-5.2990183325984415
50.774151710902416,-5.2990183325984415
50.788427186754504,-5.320783590987008
50.788427186754504,-5.320783590987008
50.788427186754504,-5.320783590987008
50.80229868067142,-5.342342310852383
50.80229868067142,-5.342342310852383
50.81577544698181,-5.363670438086992
50.81577544698181,-5.363670438086992
50.8288649502948,-5.384752511222135
50.8288649502948,-5.384752511222135
50.8288649502948,-5.384752511222135
50.841574713412164,-5.405582005834217
50.841574713412164,-5.405582005834217
50.85391244375279,-5.426152655460558
50.85391244375279,-5.426152655460558
50.85391244375279,-5.426152655460558
50.86588300676812,-5.446458659782356
50.86588300676812,-5.446458659782356
50.87746850315085,-5.466495550090972
50.87746850315085,-5.466495550090972
50.88870631401931,-5.486256381066157
50.88870631401931,-5.486256381066157
50.89960204823056,-5.50575065381394
50.89960204823056,-5.50575065381394
50.910162893776146,-5.524975264398239
50.910162893776146,-5.524975264398239
50.92039752655369,-5.543906240405733
50.930313315756,-5.562538231540111
50.949215335402336,-5.598887629413132
50.96690430832358,-5.633989718789512
50.9753285316351,-5.651060383339267
50.99895869178612,-5.700308903423414
51.00644892272372,-5.71583272411856
51.020224993857134,-5.746385187026895
51.033143879560896,-5.775575428640236
51.03924851934471,-5.789663170828686
51.05073793779501,-5.816735886561412
51.05614884497082,-5.829746216161095
51.066339880194846,-5.854636819058258
51.07575418503897,-5.87811767458566
51.08016319333717,-5.889264393886318
51.09228456558972,-5.920538009050091
51.09921063509301,-5.939363487724552
51.102542861075676,-5.94839434446878
51.10703171858659,-5.963686202747509
51.10990282681449,-5.9714228695731855
51.10990282681449,-5.9714228695731855
51.11262904353947,-5.978770866711889
51.11262904353947,-5.978770866711889
51.11262904353947,-5.978770866711889
51.115206297019526,-5.985730256307195
51.115206297019526,-5.985730256307195
51.115206297019526,-5.985730256307195
51.115206297019526,-5.985730256307195
51.117636022934214,-5.992300331502285
51.117636022934214,-5.992300331502285
51.117636022934214,-5.992300331502285
51.12004492770709,-5.9986952376811375
51.12004492770709,-5.9986952376811375
51.12004492770709,-5.9986952376811375
51.12258674834672,-6.005233487596724
51.12258674834672,-6.005233487596724
51.12258674834672,-6.005233487596724
51.12419757859274,-6.010096703005416
51.12419757859274,-6.010096703005416
51.12419757859274,-6.010096703005416
51.12574496166222,-6.014701002224332
51.12574496166222,-6.014701002224332
51.12574496166222,-6.014701002224332
51.12724184377298,-6.019347201102426
51.12724184377298,-6.019347201102426
51.12860659353973,-6.023596422440905
51.12860659353973,-6.023596422440905
51.12860659353973,-6.023596422440905
51.1298484674401,-6.027491976555275
51.1298484674401,-6.027491976555275
51.1298484674401,-6.027491976555275
51.13093082607508,-6.030907726413288
51.13093082607508,-6.030907726413288
51.13093082607508,-6.030907726413288
51.13192653788112,-6.034050349010045
51.13192653788112,-6.034050349010045
51.13192653788112,-6.034050349010045
51.13284232723556,-6.0369523160130925
51.13284232723556,-6.0369523160130925
51.13284232723556,-6.0369523160130925
51.13362632503025,-6.039448609727574
51.13362632503025,-6.039448609727574
