x,Vx,Vy,Speed
4.500000000000001,11.754257569630495,-7.471856654506845e-06,11.75425756963287
4.500000000000001,11.754257569630495,-7.471856654506845e-06,11.75425756963287
4.500000000000001,11.754257569630495,-7.471856654506845e-06,11.75425756963287
4.539999999,11.756371414092445,-2.0795698485703846e-05,11.756371414110838
4.539999999,11.756371414092445,-2.0795698485703846e-05,11.756371414110838
4.539999999,11.756371414092445,-2.0795698485703846e-05,11.756371414110838
4.539999999,11.756371414092445,-2.0795698485703846e-05,11.756371414110838
4.539999999,11.756371414092445,-2.0795698485703846e-05,11.756371414110838
4.539999999,11.756371414092445,-2.0795698485703846e-05,11.756371414110838
4.539999999,11.756371414092445,-2.0795698485703846e-05,11.756371414110838
4.539999999,11.756371414092445,-2.0795698485703846e-05,11.756371414110838
4.539999999,11.756371414092445,-2.0795698485703846e-05,11.756371414110838
4.539999999,11.756371414092445,-2.0795698485703846e-05,11.756371414110838
4.539999999,11.756371414092445,-2.0795698485703846e-05,11.756371414110838
4.539999999,11.756371414092445,-2.0795698485703846e-05,11.756371414110838
4.539999999,11.756371414092445,-2.0795698485703846e-05,11.756371414110838
4.539999999,11.756371414092445,-2.0795698485703846e-05,11.756371414110838
4.5600000000000005,11.755484698414618,-4.229548846060273e-05,11.755484698490706
4.5600000000000005,11.755484698414618,-4.229548846060273e-05,11.755484698490706
4.5600000000000005,11.755484698414618,-4.229548846060273e-05,11.755484698490706
4.5600000000000005,11.755484698414618,-4.229548846060273e-05,11.755484698490706
4.5600000000000005,11.755484698414618,-4.229548846060273e-05,11.755484698490706
4.5600000000000005,11.755484698414618,-4.229548846060273e-05,11.755484698490706
4.5600000000000005,11.755484698414618,-4.229548846060273e-05,11.755484698490706
4.5600000000000005,11.755484698414618,-4.229548846060273e-05,11.755484698490706
4.5600000000000005,11.755484698414618,-4.229548846060273e-05,11.755484698490706
4.5600000000000005,11.755484698414618,-4.229548846060273e-05,11.755484698490706
4.5600000000000005,11.755484698414618,-4.229548846060273e-05,11.755484698490706
4.5600000000000005,11.755484698414618,-4.229548846060273e-05,11.755484698490706
4.5600000000000005,11.755484698414618,-4.229548846060273e-05,11.755484698490706
4.5600000000000005,11.755484698414618,-4.229548846060273e-05,11.755484698490706
4.5600000000000005,11.755484698414618,-4.229548846060273e-05,11.755484698490706
4.5600000000000005,11.755484698414618,-4.229548846060273e-05,11.755484698490706
4.5600000000000005,11.755484698414618,-4.229548846060273e-05,11.755484698490706
4.5600000000000005,11.755484698414618,-4.229548846060273e-05,11.755484698490706
4.5600000000000005,11.755484698414618,-4.229548846060273e-05,11.755484698490706
4.5600000000000005,11.755484698414618,-4.229548846060273e-05,11.755484698490706
4.5600000000000005,11.755484698414618,-4.229548846060273e-05,11.755484698490706
4.5600000000000005,11.755484698414618,-4.229548846060273e-05,11.755484698490706
4.5600000000000005,11.755484698414618,-4.229548846060273e-05,11.755484698490706
4.5600000000000005,11.755484698414618,-4.229548846060273e-05,11.755484698490706
4.5600000000000005,11.755484698414618,-4.229548846060273e-05,11.755484698490706
4.5600000000000005,11.755484698414618,-4.229548846060273e-05,11.755484698490706
4.5600000000000005,11.755484698414618,-4.229548846060273e-05,11.755484698490706
4.5600000000000005,11.755484698414618,-4.229548846060273e-05,11.755484698490706
4.5600000000000005,11.755484698414618,-4.229548846060273e-05,11.755484698490706
4.5600000000000005,11.755484698414618,-4.229548846060273e-05,11.755484698490706
4.6000000000000005,11.720582218093252,-3.9617461223247376e-05,11.720582218160208
4.6000000000000005,11.720582218093252,-3.9617461223247376e-05,11.720582218160208
4.6000000000000005,11.720582218093252,-3.9617461223247376e-05,11.720582218160208
4.6000000000000005,11.720582218093252,-3.9617461223247376e-05,11.720582218160208
4.6000000000000005,11.720582218093252,-3.9617461223247376e-05,11.720582218160208
4.6000000000000005,11.720582218093252,-3.9617461223247376e-05,11.720582218160208
4.6000000000000005,11.720582218093252,-3.9617461223247376e-05,11.720582218160208
4.6000000000000005,11.720582218093252,-3.9617461223247376e-05,11.720582218160208
4.6000000000000005,11.720582218093252,-3.9617461223247376e-05,11.720582218160208
4.6000000000000005,11.720582218093252,-3.9617461223247376e-05,11.720582218160208
4.6000000000000005,11.720582218093252,-3.9617461223247376e-05,11.720582218160208
4.6000000000000005,11.720582218093252,-3.9617461223247376e-05,11.720582218160208
4.6000000000000005,11.720582218093252,-3.9617461223247376e-05,11.720582218160208
4.6000000000000005,11.720582218093252,-3.9617461223247376e-05,11.720582218160208
4.6000000000000005,11.720582218093252,-3.9617461223247376e-05,11.720582218160208
4.6000000000000005,11.720582218093252,-3.9617461223247376e-05,11.720582218160208
4.6000000000000005,11.720582218093252,-3.9617461223247376e-05,11.720582218160208
4.6000000000000005,11.720582218093252,-3.9617461223247376e-05,11.720582218160208
4.6000000000000005,11.720582218093252,-3.9617461223247376e-05,11.720582218160208
4.6000000000000005,11.720582218093252,-3.9617461223247376e-05,11.720582218160208
4.6000000000000005,11.720582218093252,-3.9617461223247376e-05,11.720582218160208
4.6000000000000005,11.720582218093252,-3.9617461223247376e-05,11.720582218160208
4.6000000000000005,11.720582218093252,-3.9617461223247376e-05,11.720582218160208
4.6000000000000005,11.720582218093252,-3.9617461223247376e-05,11.720582218160208
4.6000000000000005,11.720582218093252,-3.9617461223247376e-05,11.720582218160208
4.6000000000000005,11.720582218093252,-3.9617461223247376e-05,11.720582218160208
4.6000000000000005,11.720582218093252,-3.9617461223247376e-05,11.720582218160208
4.6000000000000005,11.720582218093252,-3.9617461223247376e-05,11.720582218160208
4.6000000000000005,11.720582218093252,-3.9617461223247376e-05,11.720582218160208
4.640000000000001,11.641885945270653,-2.0643424394469846e-05,11.641885945288955
4.640000000000001,11.641885945270653,-2.0643424394469846e-05,11.641885945288955
4.640000000000001,11.641885945270653,-2.0643424394469846e-05,11.641885945288955
4.640000000000001,11.641885945270653,-2.0643424394469846e-05,11.641885945288955
4.640000000000001,11.641885945270653,-2.0643424394469846e-05,11.641885945288955
4.640000000000001,11.641885945270653,-2.0643424394469846e-05,11.641885945288955
4.640000000000001,11.641885945270653,-2.0643424394469846e-05,11.641885945288955
4.640000000000001,11.641885945270653,-2.0643424394469846e-05,11.641885945288955
4.640000000000001,11.641885945270653,-2.0643424394469846e-05,11.641885945288955
4.640000000000001,11.641885945270653,-2.0643424394469846e-05,11.641885945288955
4.640000000000001,11.641885945270653,-2.0643424394469846e-05,11.641885945288955
4.640000000000001,11.641885945270653,-2.0643424394469846e-05,11.641885945288955
4.640000000000001,11.641885945270653,-2.0643424394469846e-05,11.641885945288955
4.640000000000001,11.641885945270653,-2.0643424394469846e-05,11.641885945288955
4.640000000000001,11.641885945270653,-2.0643424394469846e-05,11.641885945288955
4.640000000000001,11.641885945270653,-2.0643424394469846e-05,11.641885945288955
4.640000000000001,11.641885945270653,-2.0643424394469846e-05,11.641885945288955
4.640000000000001,11.641885945270653,-2.0643424394469846e-05,11.641885945288955
4.640000000000001,11.641885945270653,-2.0643424394469846e-05,11.641885945288955
4.640000000000001,11.641885945270653,-2.0643424394469846e-05,11.641885945288955
4.640000000000001,11.641885945270653,-2.0643424394469846e-05,11.641885945288955
4.640000000000001,11.641885945270653,-2.0643424394469846e-05,11.641885945288955
4.640000000000001,11.641885945270653,-2.0643424394469846e-05,11.641885945288955
4.640000000000001,11.641885945270653,-2.0643424394469846e-05,11.641885945288955
4.640000000000001,11.641885945270653,-2.0643424394469846e-05,11.641885945288955
4.640000000000001,11.641885945270653,-2.0643424394469846e-05,11.641885945288955
4.640000000000001,11.641885945270653,-2.0643424394469846e-05,11.641885945288955
4.640000000000001,11.641885945270653,-2.0643424394469846e-05,11.641885945288955
4.640000000000001,11.641885945270653,-2.0643424394469846e-05,11.641885945288955
4.640000000000001,11.641885945270653,-2.0643424394469846e-05,11.641885945288955
4.640000000000001,11.641885945270653,-2.0643424394469846e-05,11.641885945288955
4.640000000000001,11.641885945270653,-2.0643424394469846e-05,11.641885945288955
4.680000000000001,11.519827400393135,-1.5251156201290533e-05,11.519827400403232
4.680000000000001,11.519827400393135,-1.5251156201290533e-05,11.519827400403232
4.680000000000001,11.519827400393135,-1.5251156201290533e-05,11.519827400403232
4.680000000000001,11.519827400393135,-1.5251156201290533e-05,11.519827400403232
4.680000000000001,11.519827400393135,-1.5251156201290533e-05,11.519827400403232
4.680000000000001,11.519827400393135,-1.5251156201290533e-05,11.519827400403232
4.680000000000001,11.519827400393135,-1.5251156201290533e-05,11.519827400403232
4.680000000000001,11.519827400393135,-1.5251156201290533e-05,11.519827400403232
4.680000000000001,11.519827400393135,-1.5251156201290533e-05,11.519827400403232
4.680000000000001,11.519827400393135,-1.5251156201290533e-05,11.519827400403232
4.680000000000001,11.519827400393135,-1.5251156201290533e-05,11.519827400403232
4.680000000000001,11.519827400393135,-1.5251156201290533e-05,11.519827400403232
4.680000000000001,11.519827400393135,-1.5251156201290533e-05,11.519827400403232
4.680000000000001,11.519827400393135,-1.5251156201290533e-05,11.519827400403232
4.680000000000001,11.519827400393135,-1.5251156201290533e-05,11.519827400403232
4.680000000000001,11.519827400393135,-1.5251156201290533e-05,11.519827400403232
4.680000000000001,11.519827400393135,-1.5251156201290533e-05,11.519827400403232
4.680000000000001,11.519827400393135,-1.5251156201290533e-05,11.519827400403232
4.680000000000001,11.519827400393135,-1.5251156201290533e-05,11.519827400403232
4.680000000000001,11.519827400393135,-1.5251156201290533e-05,11.519827400403232
4.680000000000001,11.519827400393135,-1.5251156201290533e-05,11.519827400403232
4.680000000000001,11.519827400393135,-1.5251156201290533e-05,11.519827400403232
4.680000000000001,11.519827400393135,-1.5251156201290533e-05,11.519827400403232
4.680000000000001,11.519827400393135,-1.5251156201290533e-05,11.519827400403232
4.680000000000001,11.519827400393135,-1.5251156201290533e-05,11.519827400403232
4.680000000000001,11.519827400393135,-1.5251156201290533e-05,11.519827400403232
4.680000000000001,11.519827400393135,-1.5251156201290533e-05,11.519827400403232
4.720000000000001,11.354540468780428,-1.8476728511299545e-05,11.354540468795461
4.720000000000001,11.354540468780428,-1.8476728511299545e-05,11.354540468795461
4.720000000000001,11.354540468780428,-1.8476728511299545e-05,11.354540468795461
4.720000000000001,11.354540468780428,-1.8476728511299545e-05,11.354540468795461
4.720000000000001,11.354540468780428,-1.8476728511299545e-05,11.354540468795461
4.720000000000001,11.354540468780428,-1.8476728511299545e-05,11.354540468795461
4.720000000000001,11.354540468780428,-1.8476728511299545e-05,11.354540468795461
4.720000000000001,11.354540468780428,-1.8476728511299545e-05,11.354540468795461
4.720000000000001,11.354540468780428,-1.8476728511299545e-05,11.354540468795461
4.720000000000001,11.354540468780428,-1.8476728511299545e-05,11.354540468795461
4.720000000000001,11.354540468780428,-1.8476728511299545e-05,11.354540468795461
4.720000000000001,11.354540468780428,-1.8476728511299545e-05,11.354540468795461
4.720000000000001,11.354540468780428,-1.8476728511299545e-05,11.354540468795461
4.720000000000001,11.354540468780428,-1.8476728511299545e-05,11.354540468795461
4.720000000000001,11.354540468780428,-1.8476728511299545e-05,11.354540468795461
4.720000000000001,11.354540468780428,-1.8476728511299545e-05,11.354540468795461
4.720000000000001,11.354540468780428,-1.8476728511299545e-05,11.354540468795461
4.720000000000001,11.354540468780428,-1.8476728511299545e-05,11.354540468795461
4.720000000000001,11.354540468780428,-1.8476728511299545e-05,11.354540468795461
4.720000000000001,11.354540468780428,-1.8476728511299545e-05,11.354540468795461
4.720000000000001,11.354540468780428,-1.8476728511299545e-05,11.354540468795461
4.720000000000001,11.354540468780428,-1.8476728511299545e-05,11.354540468795461
4.720000000000001,11.354540468780428,-1.8476728511299545e-05,11.354540468795461
4.720000000000001,11.354540468780428,-1.8476728511299545e-05,11.354540468795461
4.720000000000001,11.354540468780428,-1.8476728511299545e-05,11.354540468795461
4.720000000000001,11.354540468780428,-1.8476728511299545e-05,11.354540468795461
4.720000000000001,11.354540468780428,-1.8476728511299545e-05,11.354540468795461
4.720000000000001,11.354540468780428,-1.8476728511299545e-05,11.354540468795461
4.720000000000001,11.354540468780428,-1.8476728511299545e-05,11.354540468795461
4.720000000000001,11.354540468780428,-1.8476728511299545e-05,11.354540468795461
4.760000000000001,11.147880100406812,-3.161180054996414e-05,11.147880100451633
4.760000000000001,11.147880100406812,-3.161180054996414e-05,11.147880100451633
4.760000000000001,11.147880100406812,-3.161180054996414e-05,11.147880100451633
4.760000000000001,11.147880100406812,-3.161180054996414e-05,11.147880100451633
4.760000000000001,11.147880100406812,-3.161180054996414e-05,11.147880100451633
4.760000000000001,11.147880100406812,-3.161180054996414e-05,11.147880100451633
4.760000000000001,11.147880100406812,-3.161180054996414e-05,11.147880100451633
4.760000000000001,11.147880100406812,-3.161180054996414e-05,11.147880100451633
4.760000000000001,11.147880100406812,-3.161180054996414e-05,11.147880100451633
4.760000000000001,11.147880100406812,-3.161180054996414e-05,11.147880100451633
4.760000000000001,11.147880100406812,-3.161180054996414e-05,11.147880100451633
4.760000000000001,11.147880100406812,-3.161180054996414e-05,11.147880100451633
4.760000000000001,11.147880100406812,-3.161180054996414e-05,11.147880100451633
4.760000000000001,11.147880100406812,-3.161180054996414e-05,11.147880100451633
4.760000000000001,11.147880100406812,-3.161180054996414e-05,11.147880100451633
4.760000000000001,11.147880100406812,-3.161180054996414e-05,11.147880100451633
4.760000000000001,11.147880100406812,-3.161180054996414e-05,11.147880100451633
4.760000000000001,11.147880100406812,-3.161180054996414e-05,11.147880100451633
4.760000000000001,11.147880100406812,-3.161180054996414e-05,11.147880100451633
4.760000000000001,11.147880100406812,-3.161180054996414e-05,11.147880100451633
4.760000000000001,11.147880100406812,-3.161180054996414e-05,11.147880100451633
4.760000000000001,11.147880100406812,-3.161180054996414e-05,11.147880100451633
4.760000000000001,11.147880100406812,-3.161180054996414e-05,11.147880100451633
4.760000000000001,11.147880100406812,-3.161180054996414e-05,11.147880100451633
4.760000000000001,11.147880100406812,-3.161180054996414e-05,11.147880100451633
4.760000000000001,11.147880100406812,-3.161180054996414e-05,11.147880100451633
4.760000000000001,11.147880100406812,-3.161180054996414e-05,11.147880100451633
4.760000000000001,11.147880100406812,-3.161180054996414e-05,11.147880100451633
4.800000000000001,10.932521612903226,-4.835813897702166e-05,10.932521613010179
4.800000000000001,10.932521612903226,-4.835813897702166e-05,10.932521613010179
4.800000000000001,10.932521612903226,-4.835813897702166e-05,10.932521613010179
4.800000000000001,10.932521612903226,-4.835813897702166e-05,10.932521613010179
4.800000000000001,10.932521612903226,-4.835813897702166e-05,10.932521613010179
4.800000000000001,10.932521612903226,-4.835813897702166e-05,10.932521613010179
4.800000000000001,10.932521612903226,-4.835813897702166e-05,10.932521613010179
4.800000000000001,10.932521612903226,-4.835813897702166e-05,10.932521613010179
4.800000000000001,10.932521612903226,-4.835813897702166e-05,10.932521613010179
4.800000000000001,10.932521612903226,-4.835813897702166e-05,10.932521613010179
4.800000000000001,10.932521612903226,-4.835813897702166e-05,10.932521613010179
4.800000000000001,10.932521612903226,-4.835813897702166e-05,10.932521613010179
4.800000000000001,10.932521612903226,-4.835813897702166e-05,10.932521613010179
4.800000000000001,10.932521612903226,-4.835813897702166e-05,10.932521613010179
4.800000000000001,10.932521612903226,-4.835813897702166e-05,10.932521613010179
4.800000000000001,10.932521612903226,-4.835813897702166e-05,10.932521613010179
4.800000000000001,10.932521612903226,-4.835813897702166e-05,10.932521613010179
4.800000000000001,10.932521612903226,-4.835813897702166e-05,10.932521613010179
4.800000000000001,10.932521612903226,-4.835813897702166e-05,10.932521613010179
4.800000000000001,10.932521612903226,-4.835813897702166e-05,10.932521613010179
4.800000000000001,10.932521612903226,-4.835813897702166e-05,10.932521613010179
4.800000000000001,10.932521612903226,-4.835813897702166e-05,10.932521613010179
4.800000000000001,10.932521612903226,-4.835813897702166e-05,10.932521613010179
4.800000000000001,10.932521612903226,-4.835813897702166e-05,10.932521613010179
4.800000000000001,10.932521612903226,-4.835813897702166e-05,10.932521613010179
4.800000000000001,10.932521612903226,-4.835813897702166e-05,10.932521613010179
4.800000000000001,10.932521612903226,-4.835813897702166e-05,10.932521613010179
4.800000000000001,10.932521612903226,-4.835813897702166e-05,10.932521613010179
4.800000000000001,10.932521612903226,-4.835813897702166e-05,10.932521613010179
4.800000000000001,10.932521612903226,-4.835813897702166e-05,10.932521613010179
4.840000000000001,10.717787220107388,-4.5870874799025895e-05,10.717787220205548
4.840000000000001,10.717787220107388,-4.5870874799025895e-05,10.717787220205548
4.840000000000001,10.717787220107388,-4.5870874799025895e-05,10.717787220205548
4.840000000000001,10.717787220107388,-4.5870874799025895e-05,10.717787220205548
4.840000000000001,10.717787220107388,-4.5870874799025895e-05,10.717787220205548
4.840000000000001,10.717787220107388,-4.5870874799025895e-05,10.717787220205548
4.840000000000001,10.717787220107388,-4.5870874799025895e-05,10.717787220205548
4.840000000000001,10.717787220107388,-4.5870874799025895e-05,10.717787220205548
4.840000000000001,10.717787220107388,-4.5870874799025895e-05,10.717787220205548
4.840000000000001,10.717787220107388,-4.5870874799025895e-05,10.717787220205548
4.840000000000001,10.717787220107388,-4.5870874799025895e-05,10.717787220205548
4.840000000000001,10.717787220107388,-4.5870874799025895e-05,10.717787220205548
4.840000000000001,10.717787220107388,-4.5870874799025895e-05,10.717787220205548
4.840000000000001,10.717787220107388,-4.5870874799025895e-05,10.717787220205548
4.840000000000001,10.717787220107388,-4.5870874799025895e-05,10.717787220205548
4.840000000000001,10.717787220107388,-4.5870874799025895e-05,10.717787220205548
4.840000000000001,10.717787220107388,-4.5870874799025895e-05,10.717787220205548
4.840000000000001,10.717787220107388,-4.5870874799025895e-05,10.717787220205548
4.840000000000001,10.717787220107388,-4.5870874799025895e-05,10.717787220205548
4.840000000000001,10.717787220107388,-4.5870874799025895e-05,10.717787220205548
4.840000000000001,10.717787220107388,-4.5870874799025895e-05,10.717787220205548
4.840000000000001,10.717787220107388,-4.5870874799025895e-05,10.717787220205548
4.840000000000001,10.717787220107388,-4.5870874799025895e-05,10.717787220205548
4.840000000000001,10.717787220107388,-4.5870874799025895e-05,10.717787220205548
4.840000000000001,10.717787220107388,-4.5870874799025895e-05,10.717787220205548
4.840000000000001,10.717787220107388,-4.5870874799025895e-05,10.717787220205548
4.840000000000001,10.717787220107388,-4.5870874799025895e-05,10.717787220205548
4.840000000000001,10.717787220107388,-4.5870874799025895e-05,10.717787220205548
4.840000000000001,10.717787220107388,-4.5870874799025895e-05,10.717787220205548
4.840000000000001,10.717787220107388,-4.5870874799025895e-05,10.717787220205548
4.840000000000001,10.717787220107388,-4.5870874799025895e-05,10.717787220205548
4.840000000000001,10.717787220107388,-4.5870874799025895e-05,10.717787220205548
4.840000000000001,10.717787220107388,-4.5870874799025895e-05,10.717787220205548
4.880000000000001,10.50356740759098,-4.363202032416962e-05,10.503567407681604
4.880000000000001,10.50356740759098,-4.363202032416962e-05,10.503567407681604
4.880000000000001,10.50356740759098,-4.363202032416962e-05,10.503567407681604
4.880000000000001,10.50356740759098,-4.363202032416962e-05,10.503567407681604
4.880000000000001,10.50356740759098,-4.363202032416962e-05,10.503567407681604
4.880000000000001,10.50356740759098,-4.363202032416962e-05,10.503567407681604
4.880000000000001,10.50356740759098,-4.363202032416962e-05,10.503567407681604
4.880000000000001,10.50356740759098,-4.363202032416962e-05,10.503567407681604
4.880000000000001,10.50356740759098,-4.363202032416962e-05,10.503567407681604
4.880000000000001,10.50356740759098,-4.363202032416962e-05,10.503567407681604
4.880000000000001,10.50356740759098,-4.363202032416962e-05,10.503567407681604
4.880000000000001,10.50356740759098,-4.363202032416962e-05,10.503567407681604
4.880000000000001,10.50356740759098,-4.363202032416962e-05,10.503567407681604
4.880000000000001,10.50356740759098,-4.363202032416962e-05,10.503567407681604
4.880000000000001,10.50356740759098,-4.363202032416962e-05,10.503567407681604
4.880000000000001,10.50356740759098,-4.363202032416962e-05,10.503567407681604
4.880000000000001,10.50356740759098,-4.363202032416962e-05,10.503567407681604
4.880000000000001,10.50356740759098,-4.363202032416962e-05,10.503567407681604
4.880000000000001,10.50356740759098,-4.363202032416962e-05,10.503567407681604
4.880000000000001,10.50356740759098,-4.363202032416962e-05,10.503567407681604
4.880000000000001,10.50356740759098,-4.363202032416962e-05,10.503567407681604
4.880000000000001,10.50356740759098,-4.363202032416962e-05,10.503567407681604
4.880000000000001,10.50356740759098,-4.363202032416962e-05,10.503567407681604
4.880000000000001,10.50356740759098,-4.363202032416962e-05,10.503567407681604
4.880000000000001,10.50356740759098,-4.363202032416962e-05,10.503567407681604
4.880000000000001,10.50356740759098,-4.363202032416962e-05,10.503567407681604
4.880000000000001,10.50356740759098,-4.363202032416962e-05,10.503567407681604
4.880000000000001,10.50356740759098,-4.363202032416962e-05,10.503567407681604
4.880000000000001,10.50356740759098,-4.363202032416962e-05,10.503567407681604
4.880000000000001,10.50356740759098,-4.363202032416962e-05,10.503567407681604
4.880000000000001,10.50356740759098,-4.363202032416962e-05,10.503567407681604
4.920000000000001,10.289986939623379,-2.0020423848918143e-05,10.289986939642855
4.920000000000001,10.289986939623379,-2.0020423848918143e-05,10.289986939642855
4.920000000000001,10.289986939623379,-2.0020423848918143e-05,10.289986939642855
4.920000000000001,10.289986939623379,-2.0020423848918143e-05,10.289986939642855
4.920000000000001,10.289986939623379,-2.0020423848918143e-05,10.289986939642855
4.920000000000001,10.289986939623379,-2.0020423848918143e-05,10.289986939642855
4.920000000000001,10.289986939623379,-2.0020423848918143e-05,10.289986939642855
4.920000000000001,10.289986939623379,-2.0020423848918143e-05,10.289986939642855
4.920000000000001,10.289986939623379,-2.0020423848918143e-05,10.289986939642855
4.920000000000001,10.289986939623379,-2.0020423848918143e-05,10.289986939642855
4.920000000000001,10.289986939623379,-2.0020423848918143e-05,10.289986939642855
4.920000000000001,10.289986939623379,-2.0020423848918143e-05,10.289986939642855
4.920000000000001,10.289986939623379,-2.0020423848918143e-05,10.289986939642855
4.920000000000001,10.289986939623379,-2.0020423848918143e-05,10.289986939642855
4.920000000000001,10.289986939623379,-2.0020423848918143e-05,10.289986939642855
4.920000000000001,10.289986939623379,-2.0020423848918143e-05,10.289986939642855
4.920000000000001,10.289986939623379,-2.0020423848918143e-05,10.289986939642855
4.920000000000001,10.289986939623379,-2.0020423848918143e-05,10.289986939642855
4.920000000000001,10.289986939623379,-2.0020423848918143e-05,10.289986939642855
4.920000000000001,10.289986939623379,-2.0020423848918143e-05,10.289986939642855
4.920000000000001,10.289986939623379,-2.0020423848918143e-05,10.289986939642855
4.920000000000001,10.289986939623379,-2.0020423848918143e-05,10.289986939642855
4.920000000000001,10.289986939623379,-2.0020423848918143e-05,10.289986939642855
4.920000000000001,10.289986939623379,-2.0020423848918143e-05,10.289986939642855
4.920000000000001,10.289986939623379,-2.0020423848918143e-05,10.289986939642855
4.920000000000001,10.289986939623379,-2.0020423848918143e-05,10.289986939642855
4.920000000000001,10.289986939623379,-2.0020423848918143e-05,10.289986939642855
4.920000000000001,10.289986939623379,-2.0020423848918143e-05,10.289986939642855
4.920000000000001,10.289986939623379,-2.0020423848918143e-05,10.289986939642855
4.920000000000001,10.289986939623379,-2.0020423848918143e-05,10.289986939642855
4.920000000000001,10.289986939623379,-2.0020423848918143e-05,10.289986939642855
4.959999999000001,10.07696615249218,-5.612892856622248e-06,10.076966152493743
4.959999999000001,10.07696615249218,-5.612892856622248e-06,10.076966152493743
4.959999999000001,10.07696615249218,-5.612892856622248e-06,10.076966152493743
4.959999999000001,10.07696615249218,-5.612892856622248e-06,10.076966152493743
4.959999999000001,10.07696615249218,-5.612892856622248e-06,10.076966152493743
4.959999999000001,10.07696615249218,-5.612892856622248e-06,10.076966152493743
4.959999999000001,10.07696615249218,-5.612892856622248e-06,10.076966152493743
4.959999999000001,10.07696615249218,-5.612892856622248e-06,10.076966152493743
4.959999999000001,10.07696615249218,-5.612892856622248e-06,10.076966152493743
4.959999999000001,10.07696615249218,-5.612892856622248e-06,10.076966152493743
4.959999999000001,10.07696615249218,-5.612892856622248e-06,10.076966152493743
4.959999999000001,10.07696615249218,-5.612892856622248e-06,10.076966152493743
4.959999999000001,10.07696615249218,-5.612892856622248e-06,10.076966152493743
4.959999999000001,10.07696615249218,-5.612892856622248e-06,10.076966152493743
4.98,9.970636600750277,-3.819272911071124e-06,9.970636600751009
4.98,9.970636600750277,-3.819272911071124e-06,9.970636600751009
4.98,9.970636600750277,-3.819272911071124e-06,9.970636600751009
4.98,9.970636600750277,-3.819272911071124e-06,9.970636600751009
4.98,9.970636600750277,-3.819272911071124e-06,9.970636600751009
4.98,9.970636600750277,-3.819272911071124e-06,9.970636600751009
4.98,9.970636600750277,-3.819272911071124e-06,9.970636600751009
4.98,9.970636600750277,-3.819272911071124e-06,9.970636600751009
4.98,9.970636600750277,-3.819272911071124e-06,9.970636600751009
4.98,9.970636600750277,-3.819272911071124e-06,9.970636600751009
4.98,9.970636600750277,-3.819272911071124e-06,9.970636600751009
4.98,9.970636600750277,-3.819272911071124e-06,9.970636600751009
4.98,9.970636600750277,-3.819272911071124e-06,9.970636600751009
4.98,9.970636600750277,-3.819272911071124e-06,9.970636600751009
4.98,9.970636600750277,-3.819272911071124e-06,9.970636600751009
4.98,9.970636600750277,-3.819272911071124e-06,9.970636600751009
4.98,9.970636600750277,-3.819272911071124e-06,9.970636600751009
4.98,9.970636600750277,-3.819272911071124e-06,9.970636600751009
4.98,9.970636600750277,-3.819272911071124e-06,9.970636600751009
4.98,9.970636600750277,-3.819272911071124e-06,9.970636600751009
4.98,9.970636600750277,-3.819272911071124e-06,9.970636600751009
4.98,9.970636600750277,-3.819272911071124e-06,9.970636600751009
4.98,9.970636600750277,-3.819272911071124e-06,9.970636600751009
4.98,9.970636600750277,-3.819272911071124e-06,9.970636600751009
4.98,9.970636600750277,-3.819272911071124e-06,9.970636600751009
4.98,9.970636600750277,-3.819272911071124e-06,9.970636600751009
4.98,9.970636600750277,-3.819272911071124e-06,9.970636600751009
4.98,9.970636600750277,-3.819272911071124e-06,9.970636600751009
5.0200000000000005,9.758355381177447,-9.44181462845529e-06,9.758355381182014
5.0200000000000005,9.758355381177447,-9.44181462845529e-06,9.758355381182014
5.0200000000000005,9.758355381177447,-9.44181462845529e-06,9.758355381182014
5.0200000000000005,9.758355381177447,-9.44181462845529e-06,9.758355381182014
5.0200000000000005,9.758355381177447,-9.44181462845529e-06,9.758355381182014
5.0200000000000005,9.758355381177447,-9.44181462845529e-06,9.758355381182014
5.0200000000000005,9.758355381177447,-9.44181462845529e-06,9.758355381182014
5.0200000000000005,9.758355381177447,-9.44181462845529e-06,9.758355381182014
5.0200000000000005,9.758355381177447,-9.44181462845529e-06,9.758355381182014
5.0200000000000005,9.758355381177447,-9.44181462845529e-06,9.758355381182014
5.0200000000000005,9.758355381177447,-9.44181462845529e-06,9.758355381182014
5.0200000000000005,9.758355381177447,-9.44181462845529e-06,9.758355381182014
5.0200000000000005,9.758355381177447,-9.44181462845529e-06,9.758355381182014
5.0200000000000005,9.758355381177447,-9.44181462845529e-06,9.758355381182014
5.0200000000000005,9.758355381177447,-9.44181462845529e-06,9.758355381182014
5.0200000000000005,9.758355381177447,-9.44181462845529e-06,9.758355381182014
5.0200000000000005,9.758355381177447,-9.44181462845529e-06,9.758355381182014
5.0200000000000005,9.758355381177447,-9.44181462845529e-06,9.758355381182014
5.0200000000000005,9.758355381177447,-9.44181462845529e-06,9.758355381182014
5.0200000000000005,9.758355381177447,-9.44181462845529e-06,9.758355381182014
5.0200000000000005,9.758355381177447,-9.44181462845529e-06,9.758355381182014
5.0200000000000005,9.758355381177447,-9.44181462845529e-06,9.758355381182014
5.0200000000000005,9.758355381177447,-9.44181462845529e-06,9.758355381182014
5.0200000000000005,9.758355381177447,-9.44181462845529e-06,9.758355381182014
5.0200000000000005,9.758355381177447,-9.44181462845529e-06,9.758355381182014
5.0200000000000005,9.758355381177447,-9.44181462845529e-06,9.758355381182014
5.0200000000000005,9.758355381177447,-9.44181462845529e-06,9.758355381182014
5.0200000000000005,9.758355381177447,-9.44181462845529e-06,9.758355381182014
5.0200000000000005,9.758355381177447,-9.44181462845529e-06,9.758355381182014
5.0200000000000005,9.758355381177447,-9.44181462845529e-06,9.758355381182014
5.0200000000000005,9.758355381177447,-9.44181462845529e-06,9.758355381182014
5.0200000000000005,9.758355381177447,-9.44181462845529e-06,9.758355381182014
5.0600000000000005,9.546636247680194,-2.3247049506959048e-05,9.546636247708499
5.0600000000000005,9.546636247680194,-2.3247049506959048e-05,9.546636247708499
5.0600000000000005,9.546636247680194,-2.3247049506959048e-05,9.546636247708499
5.0600000000000005,9.546636247680194,-2.3247049506959048e-05,9.546636247708499
5.0600000000000005,9.546636247680194,-2.3247049506959048e-05,9.546636247708499
5.0600000000000005,9.546636247680194,-2.3247049506959048e-05,9.546636247708499
5.0600000000000005,9.546636247680194,-2.3247049506959048e-05,9.546636247708499
5.0600000000000005,9.546636247680194,-2.3247049506959048e-05,9.546636247708499
5.0600000000000005,9.546636247680194,-2.3247049506959048e-05,9.546636247708499
5.0600000000000005,9.546636247680194,-2.3247049506959048e-05,9.546636247708499
5.0600000000000005,9.546636247680194,-2.3247049506959048e-05,9.546636247708499
5.0600000000000005,9.546636247680194,-2.3247049506959048e-05,9.546636247708499
5.0600000000000005,9.546636247680194,-2.3247049506959048e-05,9.546636247708499
5.0600000000000005,9.546636247680194,-2.3247049506959048e-05,9.546636247708499
5.0600000000000005,9.546636247680194,-2.3247049506959048e-05,9.546636247708499
5.0600000000000005,9.546636247680194,-2.3247049506959048e-05,9.546636247708499
5.0600000000000005,9.546636247680194,-2.3247049506959048e-05,9.546636247708499
5.0600000000000005,9.546636247680194,-2.3247049506959048e-05,9.546636247708499
5.0600000000000005,9.546636247680194,-2.3247049506959048e-05,9.546636247708499
5.0600000000000005,9.546636247680194,-2.3247049506959048e-05,9.546636247708499
5.0600000000000005,9.546636247680194,-2.3247049506959048e-05,9.546636247708499
5.0600000000000005,9.546636247680194,-2.3247049506959048e-05,9.546636247708499
5.0600000000000005,9.546636247680194,-2.3247049506959048e-05,9.546636247708499
5.0600000000000005,9.546636247680194,-2.3247049506959048e-05,9.546636247708499
5.0600000000000005,9.546636247680194,-2.3247049506959048e-05,9.546636247708499
5.0600000000000005,9.546636247680194,-2.3247049506959048e-05,9.546636247708499
5.0600000000000005,9.546636247680194,-2.3247049506959048e-05,9.546636247708499
5.0600000000000005,9.546636247680194,-2.3247049506959048e-05,9.546636247708499
5.1000000000000005,9.33526088777706,-5.808875516012468e-06,9.335260887778867
5.1000000000000005,9.33526088777706,-5.808875516012468e-06,9.335260887778867
5.1000000000000005,9.33526088777706,-5.808875516012468e-06,9.335260887778867
5.1000000000000005,9.33526088777706,-5.808875516012468e-06,9.335260887778867
5.1000000000000005,9.33526088777706,-5.808875516012468e-06,9.335260887778867
5.1000000000000005,9.33526088777706,-5.808875516012468e-06,9.335260887778867
5.1000000000000005,9.33526088777706,-5.808875516012468e-06,9.335260887778867
5.1000000000000005,9.33526088777706,-5.808875516012468e-06,9.335260887778867
5.1000000000000005,9.33526088777706,-5.808875516012468e-06,9.335260887778867
5.1000000000000005,9.33526088777706,-5.808875516012468e-06,9.335260887778867
5.1000000000000005,9.33526088777706,-5.808875516012468e-06,9.335260887778867
5.1000000000000005,9.33526088777706,-5.808875516012468e-06,9.335260887778867
5.1000000000000005,9.33526088777706,-5.808875516012468e-06,9.335260887778867
5.1000000000000005,9.33526088777706,-5.808875516012468e-06,9.335260887778867
5.1000000000000005,9.33526088777706,-5.808875516012468e-06,9.335260887778867
5.1000000000000005,9.33526088777706,-5.808875516012468e-06,9.335260887778867
5.1000000000000005,9.33526088777706,-5.808875516012468e-06,9.335260887778867
5.1000000000000005,9.33526088777706,-5.808875516012468e-06,9.335260887778867
5.1000000000000005,9.33526088777706,-5.808875516012468e-06,9.335260887778867
5.1000000000000005,9.33526088777706,-5.808875516012468e-06,9.335260887778867
5.1000000000000005,9.33526088777706,-5.808875516012468e-06,9.335260887778867
5.1000000000000005,9.33526088777706,-5.808875516012468e-06,9.335260887778867
5.1000000000000005,9.33526088777706,-5.808875516012468e-06,9.335260887778867
5.1000000000000005,9.33526088777706,-5.808875516012468e-06,9.335260887778867
5.1000000000000005,9.33526088777706,-5.808875516012468e-06,9.335260887778867
5.1000000000000005,9.33526088777706,-5.808875516012468e-06,9.335260887778867
5.1000000000000005,9.33526088777706,-5.808875516012468e-06,9.335260887778867
5.1000000000000005,9.33526088777706,-5.808875516012468e-06,9.335260887778867
5.1000000000000005,9.33526088777706,-5.808875516012468e-06,9.335260887778867
5.140000000000001,9.12446990788726,-5.7832829621738e-06,9.124469907889093
5.140000000000001,9.12446990788726,-5.7832829621738e-06,9.124469907889093
5.140000000000001,9.12446990788726,-5.7832829621738e-06,9.124469907889093
5.140000000000001,9.12446990788726,-5.7832829621738e-06,9.124469907889093
5.140000000000001,9.12446990788726,-5.7832829621738e-06,9.124469907889093
5.140000000000001,9.12446990788726,-5.7832829621738e-06,9.124469907889093
5.140000000000001,9.12446990788726,-5.7832829621738e-06,9.124469907889093
5.140000000000001,9.12446990788726,-5.7832829621738e-06,9.124469907889093
5.140000000000001,9.12446990788726,-5.7832829621738e-06,9.124469907889093
5.140000000000001,9.12446990788726,-5.7832829621738e-06,9.124469907889093
5.140000000000001,9.12446990788726,-5.7832829621738e-06,9.124469907889093
5.140000000000001,9.12446990788726,-5.7832829621738e-06,9.124469907889093
5.140000000000001,9.12446990788726,-5.7832829621738e-06,9.124469907889093
5.140000000000001,9.12446990788726,-5.7832829621738e-06,9.124469907889093
5.140000000000001,9.12446990788726,-5.7832829621738e-06,9.124469907889093
5.140000000000001,9.12446990788726,-5.7832829621738e-06,9.124469907889093
5.140000000000001,9.12446990788726,-5.7832829621738e-06,9.124469907889093
5.140000000000001,9.12446990788726,-5.7832829621738e-06,9.124469907889093
5.140000000000001,9.12446990788726,-5.7832829621738e-06,9.124469907889093
5.140000000000001,9.12446990788726,-5.7832829621738e-06,9.124469907889093
5.140000000000001,9.12446990788726,-5.7832829621738e-06,9.124469907889093
5.140000000000001,9.12446990788726,-5.7832829621738e-06,9.124469907889093
5.140000000000001,9.12446990788726,-5.7832829621738e-06,9.124469907889093
5.140000000000001,9.12446990788726,-5.7832829621738e-06,9.124469907889093
5.140000000000001,9.12446990788726,-5.7832829621738e-06,9.124469907889093
5.140000000000001,9.12446990788726,-5.7832829621738e-06,9.124469907889093
5.140000000000001,9.12446990788726,-5.7832829621738e-06,9.124469907889093
5.140000000000001,9.12446990788726,-5.7832829621738e-06,9.124469907889093
5.140000000000001,9.12446990788726,-5.7832829621738e-06,9.124469907889093
5.140000000000001,9.12446990788726,-5.7832829621738e-06,9.124469907889093
5.180000000000001,8.914226412838179,-1.6885073840999177e-05,8.914226412854171
5.180000000000001,8.914226412838179,-1.6885073840999177e-05,8.914226412854171
5.180000000000001,8.914226412838179,-1.6885073840999177e-05,8.914226412854171
5.180000000000001,8.914226412838179,-1.6885073840999177e-05,8.914226412854171
5.180000000000001,8.914226412838179,-1.6885073840999177e-05,8.914226412854171
5.180000000000001,8.914226412838179,-1.6885073840999177e-05,8.914226412854171
5.180000000000001,8.914226412838179,-1.6885073840999177e-05,8.914226412854171
5.180000000000001,8.914226412838179,-1.6885073840999177e-05,8.914226412854171
5.180000000000001,8.914226412838179,-1.6885073840999177e-05,8.914226412854171
5.180000000000001,8.914226412838179,-1.6885073840999177e-05,8.914226412854171
5.180000000000001,8.914226412838179,-1.6885073840999177e-05,8.914226412854171
5.180000000000001,8.914226412838179,-1.6885073840999177e-05,8.914226412854171
5.180000000000001,8.914226412838179,-1.6885073840999177e-05,8.914226412854171
5.180000000000001,8.914226412838179,-1.6885073840999177e-05,8.914226412854171
5.180000000000001,8.914226412838179,-1.6885073840999177e-05,8.914226412854171
5.180000000000001,8.914226412838179,-1.6885073840999177e-05,8.914226412854171
5.180000000000001,8.914226412838179,-1.6885073840999177e-05,8.914226412854171
5.180000000000001,8.914226412838179,-1.6885073840999177e-05,8.914226412854171
5.180000000000001,8.914226412838179,-1.6885073840999177e-05,8.914226412854171
5.180000000000001,8.914226412838179,-1.6885073840999177e-05,8.914226412854171
5.180000000000001,8.914226412838179,-1.6885073840999177e-05,8.914226412854171
5.180000000000001,8.914226412838179,-1.6885073840999177e-05,8.914226412854171
5.180000000000001,8.914226412838179,-1.6885073840999177e-05,8.914226412854171
5.180000000000001,8.914226412838179,-1.6885073840999177e-05,8.914226412854171
5.180000000000001,8.914226412838179,-1.6885073840999177e-05,8.914226412854171
5.180000000000001,8.914226412838179,-1.6885073840999177e-05,8.914226412854171
5.180000000000001,8.914226412838179,-1.6885073840999177e-05,8.914226412854171
5.180000000000001,8.914226412838179,-1.6885073840999177e-05,8.914226412854171
5.220000000000001,8.704471387534003,-1.666125040160104e-05,8.704471387549948
5.220000000000001,8.704471387534003,-1.666125040160104e-05,8.704471387549948
5.220000000000001,8.704471387534003,-1.666125040160104e-05,8.704471387549948
5.220000000000001,8.704471387534003,-1.666125040160104e-05,8.704471387549948
5.220000000000001,8.704471387534003,-1.666125040160104e-05,8.704471387549948
5.220000000000001,8.704471387534003,-1.666125040160104e-05,8.704471387549948
5.220000000000001,8.704471387534003,-1.666125040160104e-05,8.704471387549948
5.220000000000001,8.704471387534003,-1.666125040160104e-05,8.704471387549948
5.220000000000001,8.704471387534003,-1.666125040160104e-05,8.704471387549948
5.220000000000001,8.704471387534003,-1.666125040160104e-05,8.704471387549948
5.220000000000001,8.704471387534003,-1.666125040160104e-05,8.704471387549948
5.220000000000001,8.704471387534003,-1.666125040160104e-05,8.704471387549948
5.220000000000001,8.704471387534003,-1.666125040160104e-05,8.704471387549948
5.220000000000001,8.704471387534003,-1.666125040160104e-05,8.704471387549948
5.220000000000001,8.704471387534003,-1.666125040160104e-05,8.704471387549948
5.220000000000001,8.704471387534003,-1.666125040160104e-05,8.704471387549948
5.220000000000001,8.704471387534003,-1.666125040160104e-05,8.704471387549948
5.220000000000001,8.704471387534003,-1.666125040160104e-05,8.704471387549948
5.220000000000001,8.704471387534003,-1.666125040160104e-05,8.704471387549948
5.220000000000001,8.704471387534003,-1.666125040160104e-05,8.704471387549948
5.220000000000001,8.704471387534003,-1.666125040160104e-05,8.704471387549948
5.220000000000001,8.704471387534003,-1.666125040160104e-05,8.704471387549948
5.220000000000001,8.704471387534003,-1.666125040160104e-05,8.704471387549948
5.220000000000001,8.704471387534003,-1.666125040160104e-05,8.704471387549948
5.220000000000001,8.704471387534003,-1.666125040160104e-05,8.704471387549948
5.220000000000001,8.704471387534003,-1.666125040160104e-05,8.704471387549948
5.220000000000001,8.704471387534003,-1.666125040160104e-05,8.704471387549948
5.220000000000001,8.704471387534003,-1.666125040160104e-05,8.704471387549948
5.220000000000001,8.704471387534003,-1.666125040160104e-05,8.704471387549948
5.220000000000001,8.704471387534003,-1.666125040160104e-05,8.704471387549948
5.220000000000001,8.704471387534003,-1.666125040160104e-05,8.704471387549948
5.220000000000001,8.704471387534003,-1.666125040160104e-05,8.704471387549948
5.220000000000001,8.704471387534003,-1.666125040160104e-05,8.704471387549948
5.220000000000001,8.704471387534003,-1.666125040160104e-05,8.704471387549948
5.220000000000001,8.704471387534003,-1.666125040160104e-05,8.704471387549948
5.220000000000001,8.704471387534003,-1.666125040160104e-05,8.704471387549948
5.260000000000001,8.494915782992944,1.367627932556768e-06,8.494915782993054
5.260000000000001,8.494915782992944,1.367627932556768e-06,8.494915782993054
5.260000000000001,8.494915782992944,1.367627932556768e-06,8.494915782993054
5.260000000000001,8.494915782992944,1.367627932556768e-06,8.494915782993054
5.260000000000001,8.494915782992944,1.367627932556768e-06,8.494915782993054
5.260000000000001,8.494915782992944,1.367627932556768e-06,8.494915782993054
5.260000000000001,8.494915782992944,1.367627932556768e-06,8.494915782993054
5.260000000000001,8.494915782992944,1.367627932556768e-06,8.494915782993054
5.260000000000001,8.494915782992944,1.367627932556768e-06,8.494915782993054
5.260000000000001,8.494915782992944,1.367627932556768e-06,8.494915782993054
5.260000000000001,8.494915782992944,1.367627932556768e-06,8.494915782993054
5.260000000000001,8.494915782992944,1.367627932556768e-06,8.494915782993054
5.260000000000001,8.494915782992944,1.367627932556768e-06,8.494915782993054
5.260000000000001,8.494915782992944,1.367627932556768e-06,8.494915782993054
5.260000000000001,8.494915782992944,1.367627932556768e-06,8.494915782993054
5.260000000000001,8.494915782992944,1.367627932556768e-06,8.494915782993054
5.260000000000001,8.494915782992944,1.367627932556768e-06,8.494915782993054
5.260000000000001,8.494915782992944,1.367627932556768e-06,8.494915782993054
5.260000000000001,8.494915782992944,1.367627932556768e-06,8.494915782993054
5.260000000000001,8.494915782992944,1.367627932556768e-06,8.494915782993054
5.260000000000001,8.494915782992944,1.367627932556768e-06,8.494915782993054
5.260000000000001,8.494915782992944,1.367627932556768e-06,8.494915782993054
5.260000000000001,8.494915782992944,1.367627932556768e-06,8.494915782993054
5.260000000000001,8.494915782992944,1.367627932556768e-06,8.494915782993054
5.260000000000001,8.494915782992944,1.367627932556768e-06,8.494915782993054
5.260000000000001,8.494915782992944,1.367627932556768e-06,8.494915782993054
5.260000000000001,8.494915782992944,1.367627932556768e-06,8.494915782993054
5.260000000000001,8.494915782992944,1.367627932556768e-06,8.494915782993054
5.260000000000001,8.494915782992944,1.367627932556768e-06,8.494915782993054
5.260000000000001,8.494915782992944,1.367627932556768e-06,8.494915782993054
5.260000000000001,8.494915782992944,1.367627932556768e-06,8.494915782993054
5.260000000000001,8.494915782992944,1.367627932556768e-06,8.494915782993054
5.260000000000001,8.494915782992944,1.367627932556768e-06,8.494915782993054
5.260000000000001,8.494915782992944,1.367627932556768e-06,8.494915782993054
5.260000000000001,8.494915782992944,1.367627932556768e-06,8.494915782993054
5.260000000000001,8.494915782992944,1.367627932556768e-06,8.494915782993054
5.260000000000001,8.494915782992944,1.367627932556768e-06,8.494915782993054
5.260000000000001,8.494915782992944,1.367627932556768e-06,8.494915782993054
5.260000000000001,8.494915782992944,1.367627932556768e-06,8.494915782993054
5.300000000000001,8.286100881636772,-5.320762611718358e-06,8.28610088163848
5.300000000000001,8.286100881636772,-5.320762611718358e-06,8.28610088163848
5.300000000000001,8.286100881636772,-5.320762611718358e-06,8.28610088163848
5.300000000000001,8.286100881636772,-5.320762611718358e-06,8.28610088163848
5.300000000000001,8.286100881636772,-5.320762611718358e-06,8.28610088163848
5.300000000000001,8.286100881636772,-5.320762611718358e-06,8.28610088163848
5.300000000000001,8.286100881636772,-5.320762611718358e-06,8.28610088163848
5.300000000000001,8.286100881636772,-5.320762611718358e-06,8.28610088163848
5.300000000000001,8.286100881636772,-5.320762611718358e-06,8.28610088163848
5.300000000000001,8.286100881636772,-5.320762611718358e-06,8.28610088163848
5.300000000000001,8.286100881636772,-5.320762611718358e-06,8.28610088163848
5.300000000000001,8.286100881636772,-5.320762611718358e-06,8.28610088163848
5.300000000000001,8.286100881636772,-5.320762611718358e-06,8.28610088163848
5.300000000000001,8.286100881636772,-5.320762611718358e-06,8.28610088163848
5.300000000000001,8.286100881636772,-5.320762611718358e-06,8.28610088163848
5.300000000000001,8.286100881636772,-5.320762611718358e-06,8.28610088163848
5.300000000000001,8.286100881636772,-5.320762611718358e-06,8.28610088163848
5.300000000000001,8.286100881636772,-5.320762611718358e-06,8.28610088163848
5.300000000000001,8.286100881636772,-5.320762611718358e-06,8.28610088163848
5.300000000000001,8.286100881636772,-5.320762611718358e-06,8.28610088163848
5.300000000000001,8.286100881636772,-5.320762611718358e-06,8.28610088163848
5.300000000000001,8.286100881636772,-5.320762611718358e-06,8.28610088163848
5.300000000000001,8.286100881636772,-5.320762611718358e-06,8.28610088163848
5.300000000000001,8.286100881636772,-5.320762611718358e-06,8.28610088163848
5.300000000000001,8.286100881636772,-5.320762611718358e-06,8.28610088163848
5.300000000000001,8.286100881636772,-5.320762611718358e-06,8.28610088163848
5.300000000000001,8.286100881636772,-5.320762611718358e-06,8.28610088163848
5.300000000000001,8.286100881636772,-5.320762611718358e-06,8.28610088163848
5.300000000000001,8.286100881636772,-5.320762611718358e-06,8.28610088163848
5.300000000000001,8.286100881636772,-5.320762611718358e-06,8.28610088163848
5.300000000000001,8.286100881636772,-5.320762611718358e-06,8.28610088163848
5.300000000000001,8.286100881636772,-5.320762611718358e-06,8.28610088163848
5.300000000000001,8.286100881636772,-5.320762611718358e-06,8.28610088163848
5.300000000000001,8.286100881636772,-5.320762611718358e-06,8.28610088163848
5.300000000000001,8.286100881636772,-5.320762611718358e-06,8.28610088163848
5.300000000000001,8.286100881636772,-5.320762611718358e-06,8.28610088163848
5.300000000000001,8.286100881636772,-5.320762611718358e-06,8.28610088163848
5.300000000000001,8.286100881636772,-5.320762611718358e-06,8.28610088163848
5.300000000000001,8.286100881636772,-5.320762611718358e-06,8.28610088163848
5.300000000000001,8.286100881636772,-5.320762611718358e-06,8.28610088163848
5.300000000000001,8.286100881636772,-5.320762611718358e-06,8.28610088163848
5.300000000000001,8.286100881636772,-5.320762611718358e-06,8.28610088163848
5.300000000000001,8.286100881636772,-5.320762611718358e-06,8.28610088163848
5.300000000000001,8.286100881636772,-5.320762611718358e-06,8.28610088163848
5.300000000000001,8.286100881636772,-5.320762611718358e-06,8.28610088163848
5.300000000000001,8.286100881636772,-5.320762611718358e-06,8.28610088163848
5.300000000000001,8.286100881636772,-5.320762611718358e-06,8.28610088163848
5.300000000000001,8.286100881636772,-5.320762611718358e-06,8.28610088163848
5.300000000000001,8.286100881636772,-5.320762611718358e-06,8.28610088163848
5.300000000000001,8.286100881636772,-5.320762611718358e-06,8.28610088163848
5.300000000000001,8.286100881636772,-5.320762611718358e-06,8.28610088163848
5.300000000000001,8.286100881636772,-5.320762611718358e-06,8.28610088163848
5.300000000000001,8.286100881636772,-5.320762611718358e-06,8.28610088163848
5.340000000000001,8.077710149154038,-2.0335294235495e-05,8.077710149179635
5.340000000000001,8.077710149154038,-2.0335294235495e-05,8.077710149179635
5.340000000000001,8.077710149154038,-2.0335294235495e-05,8.077710149179635
5.340000000000001,8.077710149154038,-2.0335294235495e-05,8.077710149179635
5.340000000000001,8.077710149154038,-2.0335294235495e-05,8.077710149179635
5.340000000000001,8.077710149154038,-2.0335294235495e-05,8.077710149179635
5.340000000000001,8.077710149154038,-2.0335294235495e-05,8.077710149179635
5.340000000000001,8.077710149154038,-2.0335294235495e-05,8.077710149179635
5.340000000000001,8.077710149154038,-2.0335294235495e-05,8.077710149179635
5.340000000000001,8.077710149154038,-2.0335294235495e-05,8.077710149179635
5.340000000000001,8.077710149154038,-2.0335294235495e-05,8.077710149179635
5.340000000000001,8.077710149154038,-2.0335294235495e-05,8.077710149179635
5.340000000000001,8.077710149154038,-2.0335294235495e-05,8.077710149179635
5.340000000000001,8.077710149154038,-2.0335294235495e-05,8.077710149179635
5.340000000000001,8.077710149154038,-2.0335294235495e-05,8.077710149179635
5.340000000000001,8.077710149154038,-2.0335294235495e-05,8.077710149179635
5.340000000000001,8.077710149154038,-2.0335294235495e-05,8.077710149179635
5.340000000000001,8.077710149154038,-2.0335294235495e-05,8.077710149179635
5.340000000000001,8.077710149154038,-2.0335294235495e-05,8.077710149179635
5.340000000000001,8.077710149154038,-2.0335294235495e-05,8.077710149179635
5.340000000000001,8.077710149154038,-2.0335294235495e-05,8.077710149179635
5.340000000000001,8.077710149154038,-2.0335294235495e-05,8.077710149179635
5.340000000000001,8.077710149154038,-2.0335294235495e-05,8.077710149179635
5.340000000000001,8.077710149154038,-2.0335294235495e-05,8.077710149179635
5.340000000000001,8.077710149154038,-2.0335294235495e-05,8.077710149179635
5.340000000000001,8.077710149154038,-2.0335294235495e-05,8.077710149179635
5.340000000000001,8.077710149154038,-2.0335294235495e-05,8.077710149179635
5.340000000000001,8.077710149154038,-2.0335294235495e-05,8.077710149179635
5.340000000000001,8.077710149154038,-2.0335294235495e-05,8.077710149179635
5.340000000000001,8.077710149154038,-2.0335294235495e-05,8.077710149179635
5.340000000000001,8.077710149154038,-2.0335294235495e-05,8.077710149179635
5.340000000000001,8.077710149154038,-2.0335294235495e-05,8.077710149179635
5.340000000000001,8.077710149154038,-2.0335294235495e-05,8.077710149179635
5.340000000000001,8.077710149154038,-2.0335294235495e-05,8.077710149179635
5.340000000000001,8.077710149154038,-2.0335294235495e-05,8.077710149179635
5.340000000000001,8.077710149154038,-2.0335294235495e-05,8.077710149179635
5.340000000000001,8.077710149154038,-2.0335294235495e-05,8.077710149179635
5.340000000000001,8.077710149154038,-2.0335294235495e-05,8.077710149179635
5.340000000000001,8.077710149154038,-2.0335294235495e-05,8.077710149179635
5.340000000000001,8.077710149154038,-2.0335294235495e-05,8.077710149179635
5.340000000000001,8.077710149154038,-2.0335294235495e-05,8.077710149179635
5.340000000000001,8.077710149154038,-2.0335294235495e-05,8.077710149179635
5.340000000000001,8.077710149154038,-2.0335294235495e-05,8.077710149179635
5.340000000000001,8.077710149154038,-2.0335294235495e-05,8.077710149179635
5.340000000000001,8.077710149154038,-2.0335294235495e-05,8.077710149179635
5.340000000000001,8.077710149154038,-2.0335294235495e-05,8.077710149179635
5.340000000000001,8.077710149154038,-2.0335294235495e-05,8.077710149179635
5.340000000000001,8.077710149154038,-2.0335294235495e-05,8.077710149179635
5.340000000000001,8.077710149154038,-2.0335294235495e-05,8.077710149179635
5.340000000000001,8.077710149154038,-2.0335294235495e-05,8.077710149179635
5.340000000000001,8.077710149154038,-2.0335294235495e-05,8.077710149179635
5.340000000000001,8.077710149154038,-2.0335294235495e-05,8.077710149179635
5.340000000000001,8.077710149154038,-2.0335294235495e-05,8.077710149179635
5.340000000000001,8.077710149154038,-2.0335294235495e-05,8.077710149179635
5.340000000000001,8.077710149154038,-2.0335294235495e-05,8.077710149179635
5.340000000000001,8.077710149154038,-2.0335294235495e-05,8.077710149179635
5.340000000000001,8.077710149154038,-2.0335294235495e-05,8.077710149179635
5.340000000000001,8.077710149154038,-2.0335294235495e-05,8.077710149179635
5.340000000000001,8.077710149154038,-2.0335294235495e-05,8.077710149179635
5.340000000000001,8.077710149154038,-2.0335294235495e-05,8.077710149179635
5.340000000000001,8.077710149154038,-2.0335294235495e-05,8.077710149179635
5.340000000000001,8.077710149154038,-2.0335294235495e-05,8.077710149179635
5.340000000000001,8.077710149154038,-2.0335294235495e-05,8.077710149179635
5.340000000000001,8.077710149154038,-2.0335294235495e-05,8.077710149179635
5.340000000000001,8.077710149154038,-2.0335294235495e-05,8.077710149179635
5.340000000000001,8.077710149154038,-2.0335294235495e-05,8.077710149179635
5.340000000000001,8.077710149154038,-2.0335294235495e-05,8.077710149179635
5.340000000000001,8.077710149154038,-2.0335294235495e-05,8.077710149179635
5.340000000000001,8.077710149154038,-2.0335294235495e-05,8.077710149179635
5.340000000000001,8.077710149154038,-2.0335294235495e-05,8.077710149179635
5.340000000000001,8.077710149154038,-2.0335294235495e-05,8.077710149179635
5.380000000000001,7.870014916709037,-2.7546309153057185e-05,7.8700149167572455
5.380000000000001,7.870014916709037,-2.7546309153057185e-05,7.8700149167572455
5.380000000000001,7.870014916709037,-2.7546309153057185e-05,7.8700149167572455
5.380000000000001,7.870014916709037,-2.7546309153057185e-05,7.8700149167572455
5.380000000000001,7.870014916709037,-2.7546309153057185e-05,7.8700149167572455
5.380000000000001,7.870014916709037,-2.7546309153057185e-05,7.8700149167572455
5.380000000000001,7.870014916709037,-2.7546309153057185e-05,7.8700149167572455
5.380000000000001,7.870014916709037,-2.7546309153057185e-05,7.8700149167572455
5.380000000000001,7.870014916709037,-2.7546309153057185e-05,7.8700149167572455
5.380000000000001,7.870014916709037,-2.7546309153057185e-05,7.8700149167572455
5.380000000000001,7.870014916709037,-2.7546309153057185e-05,7.8700149167572455
5.380000000000001,7.870014916709037,-2.7546309153057185e-05,7.8700149167572455
5.380000000000001,7.870014916709037,-2.7546309153057185e-05,7.8700149167572455
5.380000000000001,7.870014916709037,-2.7546309153057185e-05,7.8700149167572455
5.380000000000001,7.870014916709037,-2.7546309153057185e-05,7.8700149167572455
5.380000000000001,7.870014916709037,-2.7546309153057185e-05,7.8700149167572455
5.380000000000001,7.870014916709037,-2.7546309153057185e-05,7.8700149167572455
5.380000000000001,7.870014916709037,-2.7546309153057185e-05,7.8700149167572455
5.380000000000001,7.870014916709037,-2.7546309153057185e-05,7.8700149167572455
5.380000000000001,7.870014916709037,-2.7546309153057185e-05,7.8700149167572455
5.380000000000001,7.870014916709037,-2.7546309153057185e-05,7.8700149167572455
5.380000000000001,7.870014916709037,-2.7546309153057185e-05,7.8700149167572455
5.380000000000001,7.870014916709037,-2.7546309153057185e-05,7.8700149167572455
5.380000000000001,7.870014916709037,-2.7546309153057185e-05,7.8700149167572455
5.380000000000001,7.870014916709037,-2.7546309153057185e-05,7.8700149167572455
5.380000000000001,7.870014916709037,-2.7546309153057185e-05,7.8700149167572455
5.380000000000001,7.870014916709037,-2.7546309153057185e-05,7.8700149167572455
5.380000000000001,7.870014916709037,-2.7546309153057185e-05,7.8700149167572455
5.380000000000001,7.870014916709037,-2.7546309153057185e-05,7.8700149167572455
5.380000000000001,7.870014916709037,-2.7546309153057185e-05,7.8700149167572455
5.380000000000001,7.870014916709037,-2.7546309153057185e-05,7.8700149167572455
5.380000000000001,7.870014916709037,-2.7546309153057185e-05,7.8700149167572455
5.380000000000001,7.870014916709037,-2.7546309153057185e-05,7.8700149167572455
5.380000000000001,7.870014916709037,-2.7546309153057185e-05,7.8700149167572455
5.380000000000001,7.870014916709037,-2.7546309153057185e-05,7.8700149167572455
5.380000000000001,7.870014916709037,-2.7546309153057185e-05,7.8700149167572455
5.380000000000001,7.870014916709037,-2.7546309153057185e-05,7.8700149167572455
5.380000000000001,7.870014916709037,-2.7546309153057185e-05,7.8700149167572455
5.380000000000001,7.870014916709037,-2.7546309153057185e-05,7.8700149167572455
5.380000000000001,7.870014916709037,-2.7546309153057185e-05,7.8700149167572455
5.380000000000001,7.870014916709037,-2.7546309153057185e-05,7.8700149167572455
5.380000000000001,7.870014916709037,-2.7546309153057185e-05,7.8700149167572455
5.380000000000001,7.870014916709037,-2.7546309153057185e-05,7.8700149167572455
5.380000000000001,7.870014916709037,-2.7546309153057185e-05,7.8700149167572455
5.380000000000001,7.870014916709037,-2.7546309153057185e-05,7.8700149167572455
5.380000000000001,7.870014916709037,-2.7546309153057185e-05,7.8700149167572455
5.380000000000001,7.870014916709037,-2.7546309153057185e-05,7.8700149167572455
5.380000000000001,7.870014916709037,-2.7546309153057185e-05,7.8700149167572455
5.380000000000001,7.870014916709037,-2.7546309153057185e-05,7.8700149167572455
5.380000000000001,7.870014916709037,-2.7546309153057185e-05,7.8700149167572455
5.380000000000001,7.870014916709037,-2.7546309153057185e-05,7.8700149167572455
5.380000000000001,7.870014916709037,-2.7546309153057185e-05,7.8700149167572455
5.380000000000001,7.870014916709037,-2.7546309153057185e-05,7.8700149167572455
5.380000000000001,7.870014916709037,-2.7546309153057185e-05,7.8700149167572455
5.380000000000001,7.870014916709037,-2.7546309153057185e-05,7.8700149167572455
5.380000000000001,7.870014916709037,-2.7546309153057185e-05,7.8700149167572455
5.380000000000001,7.870014916709037,-2.7546309153057185e-05,7.8700149167572455
5.380000000000001,7.870014916709037,-2.7546309153057185e-05,7.8700149167572455
5.380000000000001,7.870014916709037,-2.7546309153057185e-05,7.8700149167572455
5.380000000000001,7.870014916709037,-2.7546309153057185e-05,7.8700149167572455
5.380000000000001,7.870014916709037,-2.7546309153057185e-05,7.8700149167572455
5.380000000000001,7.870014916709037,-2.7546309153057185e-05,7.8700149167572455
5.380000000000001,7.870014916709037,-2.7546309153057185e-05,7.8700149167572455
5.380000000000001,7.870014916709037,-2.7546309153057185e-05,7.8700149167572455
5.380000000000001,7.870014916709037,-2.7546309153057185e-05,7.8700149167572455
5.380000000000001,7.870014916709037,-2.7546309153057185e-05,7.8700149167572455
5.380000000000001,7.870014916709037,-2.7546309153057185e-05,7.8700149167572455
5.380000000000001,7.870014916709037,-2.7546309153057185e-05,7.8700149167572455
5.380000000000001,7.870014916709037,-2.7546309153057185e-05,7.8700149167572455
5.380000000000001,7.870014916709037,-2.7546309153057185e-05,7.8700149167572455
5.380000000000001,7.870014916709037,-2.7546309153057185e-05,7.8700149167572455
5.380000000000001,7.870014916709037,-2.7546309153057185e-05,7.8700149167572455
5.380000000000001,7.870014916709037,-2.7546309153057185e-05,7.8700149167572455
5.380000000000001,7.870014916709037,-2.7546309153057185e-05,7.8700149167572455
5.380000000000001,7.870014916709037,-2.7546309153057185e-05,7.8700149167572455
5.380000000000001,7.870014916709037,-2.7546309153057185e-05,7.8700149167572455
5.380000000000001,7.870014916709037,-2.7546309153057185e-05,7.8700149167572455
5.380000000000001,7.870014916709037,-2.7546309153057185e-05,7.8700149167572455
5.380000000000001,7.870014916709037,-2.7546309153057185e-05,7.8700149167572455
5.380000000000001,7.870014916709037,-2.7546309153057185e-05,7.8700149167572455
5.380000000000001,7.870014916709037,-2.7546309153057185e-05,7.8700149167572455
5.420000000000001,7.662257382002369,-4.971437596695818e-06,7.662257382003981
5.420000000000001,7.662257382002369,-4.971437596695818e-06,7.662257382003981
5.420000000000001,7.662257382002369,-4.971437596695818e-06,7.662257382003981
5.420000000000001,7.662257382002369,-4.971437596695818e-06,7.662257382003981
5.420000000000001,7.662257382002369,-4.971437596695818e-06,7.662257382003981
5.420000000000001,7.662257382002369,-4.971437596695818e-06,7.662257382003981
5.420000000000001,7.662257382002369,-4.971437596695818e-06,7.662257382003981
5.420000000000001,7.662257382002369,-4.971437596695818e-06,7.662257382003981
5.420000000000001,7.662257382002369,-4.971437596695818e-06,7.662257382003981
5.420000000000001,7.662257382002369,-4.971437596695818e-06,7.662257382003981
5.420000000000001,7.662257382002369,-4.971437596695818e-06,7.662257382003981
5.420000000000001,7.662257382002369,-4.971437596695818e-06,7.662257382003981
5.420000000000001,7.662257382002369,-4.971437596695818e-06,7.662257382003981
5.420000000000001,7.662257382002369,-4.971437596695818e-06,7.662257382003981
5.420000000000001,7.662257382002369,-4.971437596695818e-06,7.662257382003981
5.420000000000001,7.662257382002369,-4.971437596695818e-06,7.662257382003981
5.420000000000001,7.662257382002369,-4.971437596695818e-06,7.662257382003981
5.420000000000001,7.662257382002369,-4.971437596695818e-06,7.662257382003981
5.420000000000001,7.662257382002369,-4.971437596695818e-06,7.662257382003981
5.420000000000001,7.662257382002369,-4.971437596695818e-06,7.662257382003981
5.420000000000001,7.662257382002369,-4.971437596695818e-06,7.662257382003981
5.420000000000001,7.662257382002369,-4.971437596695818e-06,7.662257382003981
5.420000000000001,7.662257382002369,-4.971437596695818e-06,7.662257382003981
5.420000000000001,7.662257382002369,-4.971437596695818e-06,7.662257382003981
5.420000000000001,7.662257382002369,-4.971437596695818e-06,7.662257382003981
5.420000000000001,7.662257382002369,-4.971437596695818e-06,7.662257382003981
5.420000000000001,7.662257382002369,-4.971437596695818e-06,7.662257382003981
5.420000000000001,7.662257382002369,-4.971437596695818e-06,7.662257382003981
5.420000000000001,7.662257382002369,-4.971437596695818e-06,7.662257382003981
5.420000000000001,7.662257382002369,-4.971437596695818e-06,7.662257382003981
5.420000000000001,7.662257382002369,-4.971437596695818e-06,7.662257382003981
5.420000000000001,7.662257382002369,-4.971437596695818e-06,7.662257382003981
5.420000000000001,7.662257382002369,-4.971437596695818e-06,7.662257382003981
5.420000000000001,7.662257382002369,-4.971437596695818e-06,7.662257382003981
5.420000000000001,7.662257382002369,-4.971437596695818e-06,7.662257382003981
5.420000000000001,7.662257382002369,-4.971437596695818e-06,7.662257382003981
5.420000000000001,7.662257382002369,-4.971437596695818e-06,7.662257382003981
5.420000000000001,7.662257382002369,-4.971437596695818e-06,7.662257382003981
5.420000000000001,7.662257382002369,-4.971437596695818e-06,7.662257382003981
5.420000000000001,7.662257382002369,-4.971437596695818e-06,7.662257382003981
5.420000000000001,7.662257382002369,-4.971437596695818e-06,7.662257382003981
5.420000000000001,7.662257382002369,-4.971437596695818e-06,7.662257382003981
5.420000000000001,7.662257382002369,-4.971437596695818e-06,7.662257382003981
5.420000000000001,7.662257382002369,-4.971437596695818e-06,7.662257382003981
5.420000000000001,7.662257382002369,-4.971437596695818e-06,7.662257382003981
5.420000000000001,7.662257382002369,-4.971437596695818e-06,7.662257382003981
5.420000000000001,7.662257382002369,-4.971437596695818e-06,7.662257382003981
5.420000000000001,7.662257382002369,-4.971437596695818e-06,7.662257382003981
5.420000000000001,7.662257382002369,-4.971437596695818e-06,7.662257382003981
5.420000000000001,7.662257382002369,-4.971437596695818e-06,7.662257382003981
5.420000000000001,7.662257382002369,-4.971437596695818e-06,7.662257382003981
5.420000000000001,7.662257382002369,-4.971437596695818e-06,7.662257382003981
5.420000000000001,7.662257382002369,-4.971437596695818e-06,7.662257382003981
5.420000000000001,7.662257382002369,-4.971437596695818e-06,7.662257382003981
5.420000000000001,7.662257382002369,-4.971437596695818e-06,7.662257382003981
5.420000000000001,7.662257382002369,-4.971437596695818e-06,7.662257382003981
5.420000000000001,7.662257382002369,-4.971437596695818e-06,7.662257382003981
5.420000000000001,7.662257382002369,-4.971437596695818e-06,7.662257382003981
5.420000000000001,7.662257382002369,-4.971437596695818e-06,7.662257382003981
5.420000000000001,7.662257382002369,-4.971437596695818e-06,7.662257382003981
5.420000000000001,7.662257382002369,-4.971437596695818e-06,7.662257382003981
5.420000000000001,7.662257382002369,-4.971437596695818e-06,7.662257382003981
5.420000000000001,7.662257382002369,-4.971437596695818e-06,7.662257382003981
5.420000000000001,7.662257382002369,-4.971437596695818e-06,7.662257382003981
5.420000000000001,7.662257382002369,-4.971437596695818e-06,7.662257382003981
5.420000000000001,7.662257382002369,-4.971437596695818e-06,7.662257382003981
5.420000000000001,7.662257382002369,-4.971437596695818e-06,7.662257382003981
5.420000000000001,7.662257382002369,-4.971437596695818e-06,7.662257382003981
5.420000000000001,7.662257382002369,-4.971437596695818e-06,7.662257382003981
5.420000000000001,7.662257382002369,-4.971437596695818e-06,7.662257382003981
5.420000000000001,7.662257382002369,-4.971437596695818e-06,7.662257382003981
5.420000000000001,7.662257382002369,-4.971437596695818e-06,7.662257382003981
5.420000000000001,7.662257382002369,-4.971437596695818e-06,7.662257382003981
5.420000000000001,7.662257382002369,-4.971437596695818e-06,7.662257382003981
5.420000000000001,7.662257382002369,-4.971437596695818e-06,7.662257382003981
5.420000000000001,7.662257382002369,-4.971437596695818e-06,7.662257382003981
5.420000000000001,7.662257382002369,-4.971437596695818e-06,7.662257382003981
5.420000000000001,7.662257382002369,-4.971437596695818e-06,7.662257382003981
5.420000000000001,7.662257382002369,-4.971437596695818e-06,7.662257382003981
5.420000000000001,7.662257382002369,-4.971437596695818e-06,7.662257382003981
5.420000000000001,7.662257382002369,-4.971437596695818e-06,7.662257382003981
5.420000000000001,7.662257382002369,-4.971437596695818e-06,7.662257382003981
5.420000000000001,7.662257382002369,-4.971437596695818e-06,7.662257382003981
5.420000000000001,7.662257382002369,-4.971437596695818e-06,7.662257382003981
5.459999999000001,7.455581981454311,-1.3058665085995276e-05,7.455581981465747
5.459999999000001,7.455581981454311,-1.3058665085995276e-05,7.455581981465747
5.459999999000001,7.455581981454311,-1.3058665085995276e-05,7.455581981465747
5.459999999000001,7.455581981454311,-1.3058665085995276e-05,7.455581981465747
5.459999999000001,7.455581981454311,-1.3058665085995276e-05,7.455581981465747
5.459999999000001,7.455581981454311,-1.3058665085995276e-05,7.455581981465747
5.459999999000001,7.455581981454311,-1.3058665085995276e-05,7.455581981465747
5.459999999000001,7.455581981454311,-1.3058665085995276e-05,7.455581981465747
5.459999999000001,7.455581981454311,-1.3058665085995276e-05,7.455581981465747
5.459999999000001,7.455581981454311,-1.3058665085995276e-05,7.455581981465747
5.459999999000001,7.455581981454311,-1.3058665085995276e-05,7.455581981465747
5.459999999000001,7.455581981454311,-1.3058665085995276e-05,7.455581981465747
5.459999999000001,7.455581981454311,-1.3058665085995276e-05,7.455581981465747
5.459999999000001,7.455581981454311,-1.3058665085995276e-05,7.455581981465747
5.459999999000001,7.455581981454311,-1.3058665085995276e-05,7.455581981465747
5.459999999000001,7.455581981454311,-1.3058665085995276e-05,7.455581981465747
5.459999999000001,7.455581981454311,-1.3058665085995276e-05,7.455581981465747
5.459999999000001,7.455581981454311,-1.3058665085995276e-05,7.455581981465747
5.459999999000001,7.455581981454311,-1.3058665085995276e-05,7.455581981465747
5.459999999000001,7.455581981454311,-1.3058665085995276e-05,7.455581981465747
5.459999999000001,7.455581981454311,-1.3058665085995276e-05,7.455581981465747
5.459999999000001,7.455581981454311,-1.3058665085995276e-05,7.455581981465747
5.459999999000001,7.455581981454311,-1.3058665085995276e-05,7.455581981465747
5.459999999000001,7.455581981454311,-1.3058665085995276e-05,7.455581981465747
5.459999999000001,7.455581981454311,-1.3058665085995276e-05,7.455581981465747
5.459999999000001,7.455581981454311,-1.3058665085995276e-05,7.455581981465747
5.459999999000001,7.455581981454311,-1.3058665085995276e-05,7.455581981465747
5.459999999000001,7.455581981454311,-1.3058665085995276e-05,7.455581981465747
5.459999999000001,7.455581981454311,-1.3058665085995276e-05,7.455581981465747
5.459999999000001,7.455581981454311,-1.3058665085995276e-05,7.455581981465747
5.459999999000001,7.455581981454311,-1.3058665085995276e-05,7.455581981465747
5.459999999000001,7.455581981454311,-1.3058665085995276e-05,7.455581981465747
5.459999999000001,7.455581981454311,-1.3058665085995276e-05,7.455581981465747
5.459999999000001,7.455581981454311,-1.3058665085995276e-05,7.455581981465747
5.459999999000001,7.455581981454311,-1.3058665085995276e-05,7.455581981465747
5.459999999000001,7.455581981454311,-1.3058665085995276e-05,7.455581981465747
5.459999999000001,7.455581981454311,-1.3058665085995276e-05,7.455581981465747
5.459999999000001,7.455581981454311,-1.3058665085995276e-05,7.455581981465747
5.459999999000001,7.455581981454311,-1.3058665085995276e-05,7.455581981465747
5.459999999000001,7.455581981454311,-1.3058665085995276e-05,7.455581981465747
5.459999999000001,7.455581981454311,-1.3058665085995276e-05,7.455581981465747
5.48,7.352233051007767,-2.6661344785484073e-05,7.352233051056108
5.48,7.352233051007767,-2.6661344785484073e-05,7.352233051056108
5.48,7.352233051007767,-2.6661344785484073e-05,7.352233051056108
5.48,7.352233051007767,-2.6661344785484073e-05,7.352233051056108
5.48,7.352233051007767,-2.6661344785484073e-05,7.352233051056108
5.48,7.352233051007767,-2.6661344785484073e-05,7.352233051056108
5.48,7.352233051007767,-2.6661344785484073e-05,7.352233051056108
5.48,7.352233051007767,-2.6661344785484073e-05,7.352233051056108
5.48,7.352233051007767,-2.6661344785484073e-05,7.352233051056108
5.48,7.352233051007767,-2.6661344785484073e-05,7.352233051056108
5.48,7.352233051007767,-2.6661344785484073e-05,7.352233051056108
5.48,7.352233051007767,-2.6661344785484073e-05,7.352233051056108
5.48,7.352233051007767,-2.6661344785484073e-05,7.352233051056108
5.48,7.352233051007767,-2.6661344785484073e-05,7.352233051056108
5.48,7.352233051007767,-2.6661344785484073e-05,7.352233051056108
5.48,7.352233051007767,-2.6661344785484073e-05,7.352233051056108
5.48,7.352233051007767,-2.6661344785484073e-05,7.352233051056108
5.48,7.352233051007767,-2.6661344785484073e-05,7.352233051056108
5.48,7.352233051007767,-2.6661344785484073e-05,7.352233051056108
5.48,7.352233051007767,-2.6661344785484073e-05,7.352233051056108
5.48,7.352233051007767,-2.6661344785484073e-05,7.352233051056108
5.48,7.352233051007767,-2.6661344785484073e-05,7.352233051056108
5.48,7.352233051007767,-2.6661344785484073e-05,7.352233051056108
5.48,7.352233051007767,-2.6661344785484073e-05,7.352233051056108
5.48,7.352233051007767,-2.6661344785484073e-05,7.352233051056108
5.48,7.352233051007767,-2.6661344785484073e-05,7.352233051056108
5.48,7.352233051007767,-2.6661344785484073e-05,7.352233051056108
5.48,7.352233051007767,-2.6661344785484073e-05,7.352233051056108
5.48,7.352233051007767,-2.6661344785484073e-05,7.352233051056108
5.48,7.352233051007767,-2.6661344785484073e-05,7.352233051056108
5.48,7.352233051007767,-2.6661344785484073e-05,7.352233051056108
5.48,7.352233051007767,-2.6661344785484073e-05,7.352233051056108
5.48,7.352233051007767,-2.6661344785484073e-05,7.352233051056108
5.48,7.352233051007767,-2.6661344785484073e-05,7.352233051056108
5.48,7.352233051007767,-2.6661344785484073e-05,7.352233051056108
5.48,7.352233051007767,-2.6661344785484073e-05,7.352233051056108
5.48,7.352233051007767,-2.6661344785484073e-05,7.352233051056108
5.48,7.352233051007767,-2.6661344785484073e-05,7.352233051056108
5.48,7.352233051007767,-2.6661344785484073e-05,7.352233051056108
5.48,7.352233051007767,-2.6661344785484073e-05,7.352233051056108
5.48,7.352233051007767,-2.6661344785484073e-05,7.352233051056108
5.48,7.352233051007767,-2.6661344785484073e-05,7.352233051056108
5.48,7.352233051007767,-2.6661344785484073e-05,7.352233051056108
5.48,7.352233051007767,-2.6661344785484073e-05,7.352233051056108
5.48,7.352233051007767,-2.6661344785484073e-05,7.352233051056108
5.500000000000001,7.2488663637773145,-2.240524064659202e-05,7.24886636381194
5.500000000000001,7.2488663637773145,-2.240524064659202e-05,7.24886636381194
5.500000000000001,7.2488663637773145,-2.240524064659202e-05,7.24886636381194
5.500000000000001,7.2488663637773145,-2.240524064659202e-05,7.24886636381194
5.500000000000001,7.2488663637773145,-2.240524064659202e-05,7.24886636381194
5.500000000000001,7.2488663637773145,-2.240524064659202e-05,7.24886636381194
5.500000000000001,7.2488663637773145,-2.240524064659202e-05,7.24886636381194
5.500000000000001,7.2488663637773145,-2.240524064659202e-05,7.24886636381194
5.500000000000001,7.2488663637773145,-2.240524064659202e-05,7.24886636381194
5.500000000000001,7.2488663637773145,-2.240524064659202e-05,7.24886636381194
5.500000000000001,7.2488663637773145,-2.240524064659202e-05,7.24886636381194
5.500000000000001,7.2488663637773145,-2.240524064659202e-05,7.24886636381194
5.500000000000001,7.2488663637773145,-2.240524064659202e-05,7.24886636381194
5.500000000000001,7.2488663637773145,-2.240524064659202e-05,7.24886636381194
5.500000000000001,7.2488663637773145,-2.240524064659202e-05,7.24886636381194
5.500000000000001,7.2488663637773145,-2.240524064659202e-05,7.24886636381194
5.500000000000001,7.2488663637773145,-2.240524064659202e-05,7.24886636381194
5.500000000000001,7.2488663637773145,-2.240524064659202e-05,7.24886636381194
5.500000000000001,7.2488663637773145,-2.240524064659202e-05,7.24886636381194
5.500000000000001,7.2488663637773145,-2.240524064659202e-05,7.24886636381194
5.500000000000001,7.2488663637773145,-2.240524064659202e-05,7.24886636381194
5.500000000000001,7.2488663637773145,-2.240524064659202e-05,7.24886636381194
5.500000000000001,7.2488663637773145,-2.240524064659202e-05,7.24886636381194
5.500000000000001,7.2488663637773145,-2.240524064659202e-05,7.24886636381194
5.500000000000001,7.2488663637773145,-2.240524064659202e-05,7.24886636381194
5.500000000000001,7.2488663637773145,-2.240524064659202e-05,7.24886636381194
5.500000000000001,7.2488663637773145,-2.240524064659202e-05,7.24886636381194
5.500000000000001,7.2488663637773145,-2.240524064659202e-05,7.24886636381194
5.500000000000001,7.2488663637773145,-2.240524064659202e-05,7.24886636381194
5.500000000000001,7.2488663637773145,-2.240524064659202e-05,7.24886636381194
5.500000000000001,7.2488663637773145,-2.240524064659202e-05,7.24886636381194
5.500000000000001,7.2488663637773145,-2.240524064659202e-05,7.24886636381194
5.500000000000001,7.2488663637773145,-2.240524064659202e-05,7.24886636381194
5.500000000000001,7.2488663637773145,-2.240524064659202e-05,7.24886636381194
5.500000000000001,7.2488663637773145,-2.240524064659202e-05,7.24886636381194
5.500000000000001,7.2488663637773145,-2.240524064659202e-05,7.24886636381194
5.500000000000001,7.2488663637773145,-2.240524064659202e-05,7.24886636381194
5.500000000000001,7.2488663637773145,-2.240524064659202e-05,7.24886636381194
5.500000000000001,7.2488663637773145,-2.240524064659202e-05,7.24886636381194
5.500000000000001,7.2488663637773145,-2.240524064659202e-05,7.24886636381194
5.500000000000001,7.2488663637773145,-2.240524064659202e-05,7.24886636381194
5.500000000000001,7.2488663637773145,-2.240524064659202e-05,7.24886636381194
5.500000000000001,7.2488663637773145,-2.240524064659202e-05,7.24886636381194
