x,IMU Yaw
5.500000000000001,0.0
5.5200000000000005,0.0
5.5200000000000005,0.0
5.539999999,0.0
5.5600000000000005,0.0
5.579999999000001,0.0
5.579999999000001,0.0
5.6000000000000005,0.0
5.619999999,0.0
5.640000000000001,0.0
5.640000000000001,0.0
5.659999999,0.0
5.680000000000001,0.0
5.699999999,0.0
5.720000000000001,0.0
5.720000000000001,0.0
5.739999999,0.0
5.760000000000001,0.0
5.779999999,0.0
5.779999999,0.0
5.800000000000001,0.0
5.819999999,0.0
5.840000000000001,0.0
5.840000000000001,0.0
5.859999999,0.0
5.880000000000001,0.0
5.9,0.0
5.920000000000001,0.0
5.920000000000001,0.0
5.94,0.0
5.959999999000001,0.0
5.98,0.0
5.98,0.0
5.999999999000001,0.0
6.0200000000000005,0.0
6.039999999,0.0
6.039999999,0.0
6.0600000000000005,0.0
6.079999999,0.0
6.1000000000000005,0.0
6.119999999,0.0
6.119999999,0.0
6.140000000000001,0.0
6.159999999,0.0
6.180000000000001,0.0
6.180000000000001,0.0
6.199999999,0.0
6.220000000000001,0.0
6.239999999,0.0
6.260000000000001,0.0
6.260000000000001,0.0
6.279999999,0.0
6.300000000000001,0.0
6.319999999,0.0
6.319999999,0.0
6.340000000000001,0.0
6.359999999,0.0
6.380000000000001,0.0
6.380000000000001,0.0
6.399999999,0.0
6.420000000000001,0.0
6.44,0.0
6.459999999000001,0.0
6.459999999000001,0.0
6.48,0.0
6.500000000000001,0.0
6.5200000000000005,0.0
6.5200000000000005,0.0
6.539999999,0.0
6.5600000000000005,0.0
6.579999999000001,0.0
6.6000000000000005,0.0
6.6000000000000005,0.0
6.619999999,0.0
6.640000000000001,0.0
6.659999999,0.0
6.659999999,0.0
6.680000000000001,0.0
6.699999999,0.0
6.720000000000001,0.0
6.720000000000001,0.0
6.739999999,0.0
6.760000000000001,0.0
6.779999999,0.0
6.779999999,0.0
6.800000000000001,0.0
6.819999999,0.0
6.840000000000001,0.0
6.859999999,0.0
6.859999999,0.0
6.880000000000001,0.0
6.9,0.0
6.920000000000001,0.0
6.920000000000001,0.0
6.94,0.0
6.959999999000001,0.0
6.98,0.0
6.98,0.0
6.999999999000001,0.0
7.0200000000000005,0.0
7.039999999,0.0
7.0600000000000005,0.0
7.0600000000000005,0.0
7.079999999,0.0
7.1000000000000005,0.0
7.119999999,0.0
7.119999999,0.0
7.140000000000001,0.0
7.159999999,0.0
7.180000000000001,0.0
7.180000000000001,0.0
7.199999999,0.0
7.220000000000001,0.0
7.239999999,0.0
7.239999999,0.0
7.260000000000001,0.0
7.279999999,0.0
7.300000000000001,0.0
7.300000000000001,0.0
7.319999999,0.0
7.340000000000001,0.0
7.359999999,0.0
7.380000000000001,0.0
7.380000000000001,0.0
7.399999999,0.0
7.420000000000001,0.0
7.44,0.0
7.44,0.0
7.459999999000001,0.0
7.48,0.0
7.500000000000001,0.0
7.5200000000000005,0.0
7.5200000000000005,0.0
7.539999999,0.0
7.5600000000000005,0.0
7.579999999000001,0.0
7.579999999000001,0.0
7.6000000000000005,0.0
7.619999999,0.0
7.640000000000001,0.0
7.659999999,0.0
7.659999999,0.0
7.680000000000001,0.0
7.699999999,0.0
7.720000000000001,0.0
7.739999999,0.0
7.739999999,0.0
7.760000000000001,0.0
7.779999999,0.0
7.800000000000001,0.0
7.800000000000001,0.0
7.819999999,0.0
7.840000000000001,0.0
7.859999999,0.0
7.880000000000001,0.0
7.880000000000001,0.0
7.9,0.0
7.920000000000001,0.0
7.94,0.0
7.94,0.0
7.959999999,0.0
7.979999999000001,0.0
8.0,0.0
8.02,0.0
8.02,0.0
8.039999998999999,0.0
8.059999998999999,0.0
8.08,0.0
8.1,0.0
8.1,0.0
8.119999999,0.0
8.139999998999999,0.0
8.16,0.0
8.16,0.0
8.18,0.0
8.199999999,0.0
8.219999998999999,0.0
8.24,0.0
8.24,0.0
8.26,0.0
8.279999999,0.0
8.299999998999999,0.0
8.32,0.0
8.32,0.0
8.34,0.0
8.359999999,0.0
8.379999998999999,0.0
8.379999998999999,0.0
8.4,0.0
8.42,0.0
8.44,0.0
8.459999998999999,0.0
8.459999998999999,0.0
8.479999999,0.0
8.5,0.0
8.52,0.0
8.52,0.0
8.539999998999999,0.0
8.559999999,0.0
8.58,0.0
8.58,0.0
8.6,0.0
8.619999999,0.0
8.639999998999999,0.0
8.66,0.0
8.66,0.0
8.68,0.0
8.699999999,0.0
8.719999998999999,0.0
8.719999998999999,0.0
8.74,0.0
8.76,0.0
8.76,0.0
8.779999999,0.0
8.799999998999999,0.0
8.799999998999999,0.0
8.82,0.0
8.84,0.0
8.84,0.0
8.859999999,0.0
8.879999998999999,0.0
8.879999998999999,0.0
8.9,0.0
8.92,0.0
8.92,0.0
8.94,0.0
8.959999998999999,0.0
8.979999999,0.0
9.0,0.0
9.0,0.0
9.02,0.0
9.039999998999999,0.0
9.059999998999999,0.0
9.059999998999999,0.0
9.08,0.0
9.1,0.0
9.119999999,0.0
9.119999999,0.0
9.139999998999999,0.0
9.16,0.0
9.18,0.0
9.199999999,0.0
9.199999999,0.0
9.219999998999999,0.0
9.24,0.0
9.26,0.0
9.26,0.0
9.279999999,0.0
9.299999998999999,0.0
9.32,0.0
9.34,0.0
9.34,0.0
9.359999999,0.0
9.379999998999999,0.0
9.4,0.0
9.4,0.0
9.42,0.0
9.44,0.0
9.44,0.0
9.459999998999999,0.0
9.479999999,0.0
9.5,0.0
9.52,0.0
9.52,0.0
9.539999998999999,0.0
9.559999999,0.0
9.58,0.0
9.58,0.0
9.6,0.0
9.619999999,0.0
9.639999998999999,0.0
9.639999998999999,0.0
9.66,0.0
9.68,0.0
9.699999999,0.0
9.699999999,0.0
9.719999998999999,0.0
9.74,0.0
9.76,0.0
9.76,0.0
9.779999999,0.0
9.799999998999999,0.0
9.82,0.0
9.84,0.0
9.859999999,0.0
9.859999999,0.0
9.879999998999999,0.0
9.9,0.0
9.92,0.0
9.94,0.0
9.94,0.0
9.959999998999999,0.0
9.979999999,0.0
10.0,0.0
10.02,0.0
10.039999998999999,0.0
10.039999998999999,0.0
10.059999998999999,0.0
10.08,0.0
10.1,0.0
10.119999999,0.0
10.119999999,0.0
10.139999998999999,0.0
10.16,0.0
10.18,0.0
10.199999999,0.0
10.219999998999999,0.0
10.219999998999999,0.0
10.24,0.0
10.26,0.0
10.279999999,0.0
10.299999998999999,0.0
10.32,0.0
10.32,0.0
10.34,0.0
10.359999999,0.0
10.379999998999999,0.0
10.4,0.0
10.42,0.0
10.42,0.0
10.44,0.0
10.459999998999999,0.0
10.479999999,0.0
10.5,0.0
10.52,0.0
10.52,0.0
10.539999998999999,0.0
10.559999999,0.0
10.58,0.0
10.6,0.0
10.619999999,0.0
10.619999999,0.0
10.639999998999999,0.0
10.66,0.0
10.68,0.0
10.699999999,0.0
10.719999998999999,0.0
10.719999998999999,0.0
10.74,0.0
10.76,0.0
10.779999999,0.0
10.779999999,0.0
10.799999998999999,0.0
10.82,0.0
10.84,0.0
10.859999999,0.0
10.859999999,0.0
10.879999998999999,0.0
10.9,0.0
10.92,0.0
10.94,0.0
10.959999998999999,0.0
10.959999998999999,0.0
10.979999999,0.0
11.0,0.0
11.02,0.0
11.039999998999999,0.0
11.059999998999999,0.0
11.08,0.0
11.08,0.0
11.1,0.0
11.119999999,0.0
11.139999998999999,0.0
11.16,0.0
11.18,0.0
11.199999999,0.0
11.219999998999999,0.0
11.219999998999999,0.0
11.24,0.0
11.26,0.0
11.279999999,0.0
11.299999998999999,0.0
11.32,0.0
11.34,0.0
11.34,0.0
11.359999999,0.0
11.379999998999999,0.0
11.4,0.0
11.42,0.0
11.44,0.0
11.44,0.0
11.459999998999999,0.0
11.479999999,0.0
11.5,0.0
11.52,0.0
11.539999998999999,0.0
11.559999999,0.0
11.559999999,0.0
11.58,0.0
11.6,0.0
11.619999999,0.0
11.639999998999999,0.0
11.66,0.0
11.68,0.0
11.68,0.0
11.699999999,0.0
11.719999998999999,0.0
11.74,0.0
11.76,0.0
11.779999999,0.0
11.799999998999999,0.0
11.799999998999999,0.0
11.82,0.0
11.84,0.0
11.859999999,0.0
11.879999998999999,0.0
11.9,0.0
11.92,0.0
11.94,0.0
11.959999998999999,0.0
11.959999998999999,0.0
11.979999999,0.0
12.0,0.0
12.02,0.0
12.039999998999999,0.0
12.059999998999999,0.0
12.08,0.0
12.1,0.0
12.119999999,0.0
12.139999998999999,0.0
12.16,0.0
12.18,0.0
12.199999999,0.0
12.219999998999999,0.0
12.24,0.0
12.24,0.0
12.26,0.0
12.279999999,0.0
12.299999998999999,0.0
12.32,0.0
12.34,0.0
12.359999999,0.0
12.379999998999999,0.0
12.4,0.0
12.42,0.0
12.44,0.0
12.459999998999999,0.0
12.479999999,0.0
12.5,0.0
12.5,0.0
12.52,0.0
12.539999998999999,0.0
12.559999999,0.0
12.58,0.0
12.6,0.0
12.619999999,0.0
12.639999998999999,0.0
12.66,0.0
12.68,0.0
12.699999999,0.0
12.719999998999999,0.0
12.74,0.0
12.76,0.0
12.76,0.0
12.779999999,0.0
12.799999998999999,0.0
12.82,0.0
12.84,0.0
12.859999999,0.0
12.879999998999999,0.0
12.9,0.0
12.92,0.0
12.94,0.0
12.959999998999999,0.0
12.979999999,0.0
13.0,0.0
13.02,0.0
13.039999998999999,0.0
13.039999998999999,0.0
13.059999998999999,0.0
13.08,0.0
13.1,0.0
13.119999999,0.0
13.139999998999999,0.0
13.16,0.0
13.18,0.0
13.199999999,0.0
13.219999998999999,0.0
13.24,0.0
13.26,0.0
13.279999999,0.0
13.299999998999999,0.0
13.299999998999999,0.0
13.32,0.0
13.34,0.0
13.359999999,0.0
13.379999998999999,0.0
13.4,0.0
13.42,0.0
13.44,0.0
13.459999998999999,0.0
13.479999999,0.0
13.5,0.0
13.52,0.0
13.539999998999999,0.0
13.559999999,0.0
13.58,0.0
13.6,0.0
13.6,0.0
13.619999999,0.0
13.639999998999999,0.0
13.66,0.0
13.68,0.0
13.699999999,0.0
13.719999998999999,0.0
13.74,0.0
13.76,0.0
13.779999999,0.0
13.799999998999999,0.0
13.82,0.0
13.84,0.0
13.859999999,0.0
13.879999998999999,0.0
13.879999998999999,0.0
13.9,0.0
13.92,0.0
13.94,0.0
13.959999998999999,0.0
13.979999999,0.0
14.0,0.0
14.02,0.0
14.039999998999999,0.0
14.059999998999999,0.0
14.08,0.0
14.1,0.0
14.119999999,0.0
14.139999998999999,0.0
14.139999998999999,0.0
14.16,0.0
14.18,0.0
14.199999999,0.0
14.219999998999999,0.0
14.24,0.0
14.26,0.0
14.279999999,0.0
14.299999998999999,0.0
14.32,0.0
14.34,0.0
14.359999999,0.0
14.379999998999999,0.0
14.4,0.0
14.42,0.0
14.42,0.0
14.44,0.0
14.459999998999999,0.0
14.479999999,0.0
14.5,0.0
14.52,0.0
14.539999998999999,0.0
14.559999999,0.0
14.58,0.0
14.6,0.0
14.619999999,0.0
14.639999998999999,0.0
14.66,0.0
14.68,0.0
14.699999999,0.0
14.719999998999999,0.0
14.719999998999999,0.0
14.74,0.0
14.76,0.0
14.779999999,0.0
14.799999998999999,0.0
14.82,0.0
14.84,0.0
14.859999999,0.0
14.879999998999999,0.0
14.9,0.0
14.92,0.0
14.94,0.0
14.959999998999999,0.0
14.979999999,0.0
15.0,0.0
15.02,0.0
15.02,0.0
15.039999998999999,0.0
15.059999998999999,0.0
15.08,0.0
15.1,0.0
15.119999999,0.0
15.139999998999999,0.0
15.16,0.0
15.18,0.0
15.199999999,0.0
15.219999998999999,0.0
15.24,0.0
15.26,0.0
15.279999999,0.0
15.299999998999999,0.0
15.32,0.0
15.32,0.0
15.34,0.0
15.359999999,0.0
15.379999998999999,0.0
15.4,0.0
15.42,0.0
15.44,0.0
15.459999998999999,0.0
15.479999999,0.0
15.5,0.0
15.52,0.0
15.539999998999999,0.0
15.559999999,0.0
15.58,0.0
15.6,0.0
15.619999999,0.0
15.639999998999999,0.0
15.66,0.0
15.66,0.0
15.68,0.0
15.699999999,0.0
15.719999998999999,0.0
15.74,0.0
15.76,0.0
15.779999999,0.0
15.799999998999999,0.0
15.82,0.0
15.84,0.0
15.859999999,0.0
15.879999998999999,0.0
15.9,0.0
15.92,0.0
15.94,0.0
15.959999998999999,0.0
15.959999998999999,0.0
15.979999998999999,0.0
15.999999998999998,0.0
16.019999999000003,0.0
16.040000000000003,0.0
16.060000000000002,0.0
16.080000000000002,0.0
16.1,0.0
16.119999999,0.0
16.139999999,0.0
16.159999999,0.0
16.179999999,0.0
16.200000000000003,0.0
16.220000000000002,0.0
16.240000000000002,0.0
16.26,0.0
16.279999999,0.0
16.299999999,0.0
16.299999999,0.0
16.319999999,0.0
16.339999999,0.0
16.360000000000003,0.0
16.380000000000003,0.0
16.400000000000002,0.0
16.42,0.0
16.44,0.0
16.459999999,0.0
16.479999999,0.0
16.499999999,0.0
16.519999999000003,0.0
16.540000000000003,0.0
16.560000000000002,0.0
16.580000000000002,0.0
16.6,0.0
16.619999999,0.0
16.619999999,0.0
16.639999999,0.0
16.659999999,0.0
16.679999999,0.0
16.700000000000003,0.0
16.720000000000002,0.0
16.740000000000002,0.0
16.76,0.0
16.779999999,0.0
16.799999999,0.0
16.819999999,0.0
16.839999999,0.0
16.860000000000003,0.0
16.880000000000003,0.0
16.900000000000002,0.0
16.92,0.0
16.94,0.0
16.959999999,0.0
16.959999999,0.0
16.979999999,0.0
16.999999999,0.0
17.019999999000003,0.0
17.040000000000003,0.0
17.060000000000002,0.0
17.080000000000002,0.0
17.1,0.0
17.119999999,0.0
17.119999999,0.0
17.139999999,0.0
17.159999999,0.0
17.179999999,0.0
17.200000000000003,0.0
17.220000000000002,0.0
17.240000000000002,0.0
17.26,0.0
17.279999999,0.0
17.279999999,0.0
17.299999999,0.0
17.319999999,0.0
17.339999999,0.0
17.360000000000003,0.0
17.380000000000003,0.0
17.400000000000002,0.0
17.42,0.0
17.42,0.0
17.44,0.0
17.459999999,0.0
17.479999999,0.0
17.499999999,0.0
17.519999999000003,0.0
17.540000000000003,0.0
17.560000000000002,0.0
17.580000000000002,0.0
17.580000000000002,0.0
17.6,0.0
17.619999999,0.0
17.639999999,0.0
17.659999999,0.0
17.679999999,0.0
17.700000000000003,0.0
17.720000000000002,0.0
17.740000000000002,0.0
17.740000000000002,0.0
17.76,0.0
17.779999999,0.0
17.799999999,0.0
17.819999999,0.0
17.839999999,0.0
17.860000000000003,0.0
17.880000000000003,0.0
17.900000000000002,0.0
17.92,0.0
17.92,0.0
17.94,0.0
17.959999999,0.0
17.979999999,0.0
17.999999999,0.0
18.019999999000003,0.0
18.040000000000003,0.0
18.060000000000002,0.0
18.080000000000002,0.0
18.1,0.0
18.119999999,0.0
18.119999999,0.0
18.139999999,0.0
18.159999999,0.0
18.179999999,0.0
18.200000000000003,0.0
18.220000000000002,0.0
18.240000000000002,0.0
18.26,0.0
18.279999999,0.0
18.299999999,0.0
18.319999999,0.0
18.319999999,0.0
18.339999999,0.0
18.360000000000003,0.0
18.380000000000003,0.0
18.400000000000002,0.0
18.42,0.0
18.44,0.0
18.459999999,0.0
18.479999999,0.0
18.499999999,0.0
18.519999999000003,0.0
18.540000000000003,0.0
18.540000000000003,0.0
18.560000000000002,0.0
18.580000000000002,0.0
18.6,0.0
18.619999999,0.0
18.639999999,0.0
18.659999999,0.0
18.679999999,0.0
18.700000000000003,0.0
18.720000000000002,0.0
18.740000000000002,0.0
18.740000000000002,0.0
18.76,0.0
18.779999999,0.0
18.799999999,0.0
18.819999999,0.0
18.839999999,0.0
18.860000000000003,0.0
18.880000000000003,0.0
18.900000000000002,0.0
18.92,0.0
18.94,0.0
18.959999999,0.0
18.959999999,0.0
18.979999999,0.0
18.999999999,0.0
19.019999999000003,0.0
19.040000000000003,0.0
19.060000000000002,0.0
19.080000000000002,0.0
19.1,0.0
19.119999999,0.0
19.139999999,0.0
19.159999999,0.0
19.179999999,0.0
19.179999999,0.0
19.200000000000003,0.0
19.220000000000002,0.0
19.240000000000002,0.0
19.26,0.0
19.279999999,0.0
19.299999999,0.0
19.319999999,0.0
19.339999999,0.0
19.360000000000003,0.0
19.380000000000003,0.0
19.400000000000002,0.0
19.400000000000002,0.0
19.42,0.0
19.44,0.0
19.459999999,0.0
19.479999999,0.0
19.499999999,0.0
19.519999999000003,0.0
19.540000000000003,0.0
19.560000000000002,0.0
19.580000000000002,0.0
19.6,0.0
19.619999999,0.0
19.619999999,0.0
19.639999999,0.0
19.659999999,0.0
19.679999999,0.0
19.700000000000003,0.0
19.720000000000002,0.0
19.740000000000002,0.0
19.76,0.0
19.76,0.0
19.779999999,0.0
19.799999999,0.0
19.819999999,0.0
19.839999999,0.0
19.839999999,0.0
19.860000000000003,0.0
19.880000000000003,0.0
19.900000000000002,0.0
19.92,0.0
19.92,0.0
19.94,0.0
19.959999999,0.0
19.979999999,0.0
19.999999999,0.0
20.019999999000003,0.0
20.040000000000003,0.0
20.060000000000002,0.0
20.080000000000002,0.0
20.080000000000002,0.0
20.1,0.0
20.119999999,0.0
20.139999999,0.0
20.159999999,0.0
20.179999999,0.0
20.200000000000003,0.0
20.220000000000002,0.0
20.240000000000002,0.0
20.26,0.0
20.279999999,0.0
20.299999999,0.0
20.319999999,0.0
20.319999999,0.0
20.339999999,0.0
20.360000000000003,0.0
20.380000000000003,0.0
20.400000000000002,0.0
20.42,0.0
20.44,0.0
20.459999999,0.0
20.479999999,0.0
20.499999999,0.0
20.519999999000003,0.0
20.540000000000003,0.0
20.560000000000002,0.0
20.580000000000002,0.0
20.6,0.0
20.6,0.0
20.619999999,0.0
20.639999999,0.0
20.659999999,0.0
20.679999999,0.0
20.700000000000003,0.0
20.720000000000002,0.0
20.740000000000002,0.0
20.76,0.0
20.779999999,0.0
20.799999999,0.0
20.819999999,0.0
20.839999999,0.0
20.860000000000003,0.0
20.880000000000003,0.0
20.900000000000002,0.0
20.900000000000002,0.0
20.92,0.0
20.94,0.0
20.959999999,0.0
20.979999999,0.0
20.999999999,0.0
21.019999999000003,0.0
21.040000000000003,0.0
21.060000000000002,0.0
21.080000000000002,0.0
21.1,0.0
21.119999999,0.0
21.139999999,0.0
21.159999999,0.0
21.159999999,0.0
21.179999999,0.0
21.200000000000003,0.0
21.220000000000002,0.0
21.240000000000002,0.0
21.26,0.0
21.279999999,0.0
21.299999999,0.0
21.319999999,0.0
21.339999999,0.0
21.360000000000003,0.0
21.380000000000003,0.0
21.400000000000002,0.0
21.400000000000002,0.0
21.42,0.0
21.44,0.0
21.459999999,0.0
21.479999999,0.0
21.499999999,0.0
21.519999999000003,0.0
21.540000000000003,0.0
21.560000000000002,0.0
21.580000000000002,0.0
21.6,0.0
21.619999999,0.0
21.619999999,0.0
21.639999999,0.0
21.659999999,0.0
21.679999999,0.0
21.700000000000003,0.0
21.720000000000002,0.0
21.740000000000002,0.0
21.76,0.0
21.779999999,0.0
21.799999999,0.0
21.819999999,0.0
21.839999999,0.0
21.839999999,0.0
21.860000000000003,0.0
21.880000000000003,0.0
21.900000000000002,0.0
21.92,0.0
21.94,0.0
21.959999999,0.0
21.979999999,0.0
21.999999999,0.0
22.019999999000003,0.0
22.040000000000003,0.0
22.040000000000003,0.0
22.060000000000002,0.0
22.080000000000002,0.0
22.1,0.0
22.119999999,0.0
22.139999999,0.0
22.159999999,0.0
22.179999999,0.0
22.200000000000003,0.0
22.220000000000002,0.0
22.240000000000002,0.0
22.240000000000002,0.0
22.26,0.0
22.279999999,0.0
22.299999999,0.0
22.319999999,0.0
22.339999999,0.0
22.360000000000003,0.0
22.380000000000003,0.0
22.400000000000002,0.0
22.400000000000002,0.0
22.42,0.0
22.44,0.0
22.459999999,0.0
22.479999999,0.0
22.499999999,0.0
22.519999999000003,0.0
22.540000000000003,0.0
22.540000000000003,0.0
22.560000000000002,0.0
22.580000000000002,0.0
22.6,0.0
22.619999999,0.0
22.639999999,0.0
22.659999999,0.0
22.679999999,0.0
22.700000000000003,0.0
22.720000000000002,0.0
22.720000000000002,0.0
22.740000000000002,0.0
22.76,0.0
22.779999999,0.0
22.799999999,0.0
