x,FL,FR,RL,RR
0.4,0.02061249315738678,0.020232953131198883,0.020777929574251175,0.020557299256324768
0.4,0.02030913159251213,0.01949452981352806,0.0200196523219347,0.01987599954009056
0.4,0.019503427669405937,0.019587574526667595,0.02000098116695881,0.02016439102590084
0.4,0.019519951194524765,0.01988174207508564,0.019889486953616142,0.019361702725291252
0.42000000000000004,0.019408565014600754,0.019596006721258163,0.021355055272579193,0.0198123250156641
0.42000000000000004,0.018851833418011665,0.020401112735271454,0.020977847278118134,0.019400712102651596
0.42000000000000004,0.019537515938282013,0.019480207934975624,0.01971685327589512,0.019689390435814857
0.44,0.020621832460165024,0.019901743158698082,0.019469838589429855,0.019999753683805466
0.44,0.02051524631679058,0.01949981413781643,0.019878238439559937,0.019844748079776764
0.44,0.019676685333251953,0.02040407620370388,0.020119234919548035,0.020188171416521072
0.44,0.02081368677318096,0.020554713904857635,0.02120226062834263,0.020480532199144363
0.44,0.020013222470879555,0.019513234496116638,0.020811274647712708,0.01905709318816662
0.46,0.01937386393547058,0.02036917395889759,0.019327161833643913,0.019567416980862617
0.46,0.019029654562473297,0.01928962767124176,0.020032109692692757,0.019305741414427757
0.46,0.019069503992795944,0.020552316680550575,0.020330747589468956,0.019920364022254944
0.48000000000000004,0.020412875339388847,0.019367560744285583,0.019744766876101494,0.020014876499772072
0.48000000000000004,0.019876252859830856,0.01975373737514019,0.020765315741300583,0.0206653643399477
0.48000000000000004,0.020421858876943588,0.018948130309581757,0.019109293818473816,0.01985260285437107
0.48000000000000004,0.020592940971255302,0.020519006997346878,0.019925029948353767,0.019903035834431648
0.5,0.02064984105527401,0.02037353813648224,0.020184407010674477,0.020590096712112427
0.5,0.01918443851172924,0.020490942522883415,0.020737657323479652,0.02003573440015316
0.5,0.0207690317183733,0.0204131081700325,0.01989491656422615,0.019666947424411774
0.5,0.019703559577465057,0.02016056887805462,0.02016906626522541,0.019733047112822533
0.52,0.020477820187807083,0.019515786319971085,0.02111499384045601,0.020519617944955826
0.52,0.020669972524046898,0.020691657438874245,0.020658116787672043,0.019387051463127136
0.52,0.020119937136769295,0.01948157511651516,0.019863884896039963,0.020413141697645187
0.54,0.019762072712183,0.019645536318421364,0.019712025299668312,0.02071750909090042
0.54,0.020150048658251762,0.019481932744383812,0.019557401537895203,0.01946427673101425
0.54,0.019566824659705162,0.020789898931980133,0.020364398136734962,0.019702350720763206
0.54,0.020664535462856293,0.020092424005270004,0.019957346841692924,0.01967449113726616
0.5599999999999999,0.019894646480679512,0.019364360719919205,0.020220277830958366,0.019669411703944206
0.5599999999999999,0.020176658406853676,0.020106708630919456,0.019422229379415512,0.019566722214221954
0.5599999999999999,0.019619237631559372,0.020249003544449806,0.019975805655121803,0.0185933168977499
0.5599999999999999,0.02008790336549282,0.01942446455359459,0.020216256380081177,0.020299915224313736
0.58,0.019812719896435738,0.02070155180990696,0.020373372361063957,0.019547488540410995
0.58,0.019214380532503128,0.020231546834111214,0.019609946757555008,0.01991177722811699
0.58,0.019864777103066444,0.020989228039979935,0.019856583327054977,0.01985708810389042
0.6,0.019479485228657722,0.01970447041094303,0.019998427480459213,0.019712520763278008
0.6,0.01916145533323288,0.020570058375597,0.019495967775583267,0.01977136731147766
0.6,0.019779067486524582,0.019788755103945732,0.020793495699763298,0.019379034638404846
0.6,0.0198926143348217,0.01927283965051174,0.020771395415067673,0.019553206861019135
0.62,0.020404396578669548,0.020011255517601967,0.019907446578145027,0.019990261644124985
0.62,0.01983143575489521,0.019415754824876785,0.020574189722537994,0.019474918022751808
0.62,0.019357886165380478,0.019670655950903893,0.019359514117240906,0.02002044953405857
0.62,0.020958706736564636,0.020298993214964867,0.019831256940960884,0.020430978387594223
0.64,0.019598325714468956,0.019659502431750298,0.019654221832752228,0.02005688101053238
0.64,0.01983567327260971,0.02045012265443802,0.019551871344447136,0.02058040350675583
0.64,0.020468933507800102,0.019979305565357208,0.02039196342229843,0.019688287749886513
0.64,0.020939048379659653,0.02068861573934555,0.019031384959816933,0.01993149146437645
0.66,0.020086755976080894,0.02033163234591484,0.019825521856546402,0.01963035948574543
0.66,0.019721219316124916,0.01967540569603443,0.020764809101819992,0.020723190158605576
0.66,0.02030840888619423,0.019580161198973656,0.02090667560696602,0.019591815769672394
0.6799999999999999,0.01975385844707489,0.020052175968885422,0.0192306786775589,0.02008134312927723
0.6799999999999999,0.02009715512394905,0.02034585364162922,0.01918872445821762,0.019281553104519844
0.6799999999999999,0.019602522253990173,0.019266145303845406,0.020185140892863274,0.020093318074941635
0.6799999999999999,0.019630946218967438,0.01940051279962063,0.02052251808345318,0.02016632631421089
0.7,0.019546106457710266,0.020499495789408684,0.020183397457003593,0.01947856694459915
0.7,0.02059125527739525,0.020138036459684372,0.018960285931825638,0.019931167364120483
0.7,0.019803354516625404,0.019414719194173813,0.02068663388490677,0.020102370530366898
0.7,0.02040691114962101,0.0195471178740263,0.019124478101730347,0.020345643162727356
0.72,0.019909128546714783,0.019622672349214554,0.019809728488326073,0.019436683505773544
0.72,0.0191808994859457,0.020150812342762947,0.020100614055991173,0.0203977320343256
0.72,0.020016485825181007,0.01985953375697136,0.020662516355514526,0.01970073953270912
0.72,0.020415671169757843,0.019878949970006943,0.020367342978715897,0.019498754292726517
0.74,0.019278235733509064,0.019642258062958717,0.020197972655296326,0.019913628697395325
0.74,0.019678303971886635,0.019796738401055336,0.02096184901893139,0.01967824064195156
0.74,0.020315712317824364,0.020011354237794876,0.019750162959098816,0.020528560504317284
0.76,0.019514380022883415,0.02064014971256256,0.020100383087992668,0.01961197517812252
0.76,0.020385699346661568,0.02004283294081688,0.020371323451399803,0.020164841786026955
0.76,0.019200770184397697,0.019902164116501808,0.020443078130483627,0.019566252827644348
0.76,0.01929558254778385,0.01976167969405651,0.0203181691467762,0.019809234887361526
0.78,0.02074083313345909,0.019825290888547897,0.02060426026582718,0.020625384524464607
0.78,0.019851626828312874,0.0198522862046957,0.019530100747942924,0.020104695111513138
0.78,0.019239090383052826,0.020203953608870506,0.01997588947415352,0.018973488360643387
0.78,0.019604165107011795,0.02106603793799877,0.01985710673034191,0.01983877457678318
0.8,0.019760439172387123,0.019837278872728348,0.020107273012399673,0.02056805044412613
0.8,0.019349034875631332,0.02083122543990612,0.020066717639565468,0.01982818730175495
0.8,0.020782919600605965,0.019507920369505882,0.019578194245696068,0.020103737711906433
0.82,0.019892163574695587,0.019283507019281387,0.019852077588438988,0.019505159929394722
0.82,0.01992306299507618,0.020484883338212967,0.019517069682478905,0.01933940127491951
0.82,0.020688679069280624,0.01882675476372242,0.020286211743950844,0.020154224708676338
0.82,0.01932040974497795,0.019686417654156685,0.02056441456079483,0.020296549424529076
0.84,0.018943095579743385,0.019792117178440094,0.02066543512046337,0.020680375397205353
0.84,0.020221130922436714,0.019058948382735252,0.020344654098153114,0.02026086114346981
0.84,0.02026079222559929,0.019977973774075508,0.019999919459223747,0.01954636164009571
0.84,0.01976446993649006,0.01922483742237091,0.020268648862838745,0.019151931628584862
0.86,0.02002483233809471,0.02029014192521572,0.020525431260466576,0.020684124901890755
0.86,0.021138135343790054,0.019845489412546158,0.01995205692946911,0.020407389849424362
0.86,0.019915729761123657,0.02082323096692562,0.0206088125705719,0.02022457867860794
0.88,0.019149350002408028,0.01956542581319809,0.019831333309412003,0.02001727744936943
0.88,0.019751638174057007,0.020143121480941772,0.01983438991010189,0.020094074308872223
0.88,0.019638029858469963,0.01981154829263687,0.020435478538274765,0.019787145778536797
0.88,0.020923543721437454,0.020264755934476852,0.02003568597137928,0.02030259370803833
0.9,0.02022545039653778,0.02006099559366703,0.019573967903852463,0.02030858024954796
0.9,0.020301861688494682,0.019744208082556725,0.02014920860528946,0.02036711387336254
0.9,0.01925530843436718,0.019123008474707603,0.020365526899695396,0.02022101916372776
0.9,0.019404813647270203,0.019680077210068703,0.020698100328445435,0.01987432688474655
0.92,0.020239805802702904,0.019801175221800804,0.019798215478658676,0.021071448922157288
0.92,0.019479811191558838,0.01973765715956688,0.01981295831501484,0.01953032985329628
0.92,0.019157320261001587,0.020069044083356857,0.020076889544725418,0.020228542387485504
0.94,0.02009005844593048,0.01978418231010437,0.019637180492281914,0.02060439996421337
0.94,0.01992633379995823,0.01927625760436058,0.019832536578178406,0.02029995247721672
0.94,0.019505485892295837,0.020251614972949028,0.019783347845077515,0.02056509256362915
0.94,0.01944982074201107,0.020205864682793617,0.01970660127699375,0.020239107310771942
0.94,0.020357739180326462,0.020260637626051903,0.019322684034705162,0.019972821697592735
0.96,0.01964370720088482,0.01978372037410736,0.01995871216058731,0.01991509087383747
0.96,0.020068056881427765,0.019288403913378716,0.019133256748318672,0.0202927365899086
0.96,0.019909221678972244,0.01947157271206379,0.020614514127373695,0.020687470212578773
0.96,0.019973382353782654,0.021124007180333138,0.019941121339797974,0.02099248580634594
0.96,0.019825074821710587,0.02074260450899601,0.020705468952655792,0.019392311573028564
0.98,0.01997249387204647,0.020190084353089333,0.019176002591848373,0.020041203126311302
0.98,0.02005477249622345,0.01996229961514473,0.019622253254055977,0.02049306593835354
0.98,0.02018755115568638,0.019803714007139206,0.020006220787763596,0.01997293345630169
1.0,0.01941349357366562,0.020457137376070023,0.021044926717877388,0.018906602635979652
1.0,0.02098761685192585,0.0205430556088686,0.019425364211201668,0.020159319043159485
1.0,0.019319647923111916,0.019869456067681313,0.019863106310367584,0.020051099359989166
1.0,0.019973361864686012,0.01999613642692566,0.019912157207727432,0.019933873787522316
1.02,0.02007191814482212,0.019503101706504822,0.019535452127456665,0.02027895301580429
1.02,0.01908331923186779,0.019235657528042793,0.021018190309405327,0.01997440494596958
1.02,0.02053150348365307,0.019616778939962387,0.01991555653512478,0.019553104415535927
1.02,0.019832365214824677,0.02008982188999653,0.0199262872338295,0.0205390527844429
1.04,0.020449521020054817,0.02020435221493244,0.020149754360318184,0.019625792279839516
1.04,0.01980970799922943,0.019676415249705315,0.01988362893462181,0.02017103135585785
1.04,0.020611446350812912,0.019893039017915726,0.020241787657141685,0.019876565784215927
1.04,0.019368654116988182,0.020340027287602425,0.020138829946517944,0.019729379564523697
1.06,0.02082974463701248,0.020252959802746773,0.019870057702064514,0.020917903631925583
1.06,0.019294854253530502,0.020339522510766983,0.019804654642939568,0.020067207515239716
1.06,0.01955006644129753,0.019472453743219376,0.02022717148065567,0.019823255017399788
1.06,0.019770702347159386,0.019913913682103157,0.01943315379321575,0.01949034258723259
1.08,0.01996515691280365,0.020107168704271317,0.02060730569064617,0.019458355382084846
1.08,0.01969458907842636,0.02000666968524456,0.01979917101562023,0.019521690905094147
1.08,0.020386140793561935,0.020406054332852364,0.020157286897301674,0.01994563452899456
1.08,0.020337333902716637,0.019578957930207253,0.02040921151638031,0.019670097157359123
1.099999999,0.020087771117687225,0.019751152023673058,0.020039906725287437,0.020607758313417435
1.099999999,0.019917652010917664,0.01911618560552597,0.01986015774309635,0.019989248365163803
1.099999999,0.019393306225538254,0.020756006240844727,0.0198164414614439,0.019357679411768913
1.119999999,0.02067757397890091,0.020542271435260773,0.020030662417411804,0.01970282383263111
1.119999999,0.020015498623251915,0.018992150202393532,0.020268434658646584,0.019906165078282356
1.119999999,0.020787209272384644,0.020451508462429047,0.01949228346347809,0.021084360778331757
1.119999999,0.019969517365098,0.019486909732222557,0.020656226202845573,0.021017439663410187
1.139999999,0.02041797898709774,0.020596634596586227,0.02031577005982399,0.020002266392111778
1.139999999,0.019738003611564636,0.020386885851621628,0.019716817885637283,0.020603420212864876
1.139999999,0.020508570596575737,0.019251693040132523,0.01990850269794464,0.02008490078151226
1.139999999,0.020210793241858482,0.02100772224366665,0.019484354183077812,0.020056312903761864
1.159999999,0.02082706056535244,0.019976267591118813,0.020267311483621597,0.019847316667437553
1.159999999,0.019821325317025185,0.020011145621538162,0.021191034466028214,0.02109682932496071
1.159999999,0.019456258043646812,0.02050764672458172,0.020034505054354668,0.019939729943871498
1.159999999,0.018940355628728867,0.019379934296011925,0.019297365099191666,0.02017623372375965
1.18,0.019192472100257874,0.020830798894166946,0.020300036296248436,0.018496036529541016
1.18,0.02016211859881878,0.020594915375113487,0.020351553335785866,0.02060253731906414
1.18,0.019494658336043358,0.01976548694074154,0.02011808007955551,0.01935376226902008
1.2,0.019842788577079773,0.01992310769855976,0.01960095204412937,0.019422519952058792
1.2,0.020217183977365494,0.019900063052773476,0.01978401653468609,0.02008267678320408
1.2,0.019275065511465073,0.019353866577148438,0.01959879696369171,0.020316997542977333
1.2,0.020178262144327164,0.019635962322354317,0.02064540423452854,0.019970424473285675
1.22,0.020415563136339188,0.020221075043082237,0.020190143957734108,0.020023563876748085
1.22,0.020026542246341705,0.019765112549066544,0.019733848050236702,0.020245572552084923
1.22,0.019796185195446014,0.020351342856884003,0.020081937313079834,0.020081453025341034
1.22,0.0200200155377388,0.020043490454554558,0.018756166100502014,0.01940707117319107
1.24,0.0205245204269886,0.019548797979950905,0.020311107859015465,0.01983705349266529
1.24,0.020174333825707436,0.01966266892850399,0.019333556294441223,0.020346833392977715
1.24,0.0194599200040102,0.019345993176102638,0.020091542974114418,0.019883250817656517
1.26,0.020358746871352196,0.01898382231593132,0.020123496651649475,0.019695736467838287
1.26,0.01952178217470646,0.019095495343208313,0.021278828382492065,0.019667083397507668
1.26,0.02025780826807022,0.019287889823317528,0.01972651295363903,0.020222235471010208
1.26,0.02021346241235733,0.019032999873161316,0.019255435094237328,0.01993977278470993
1.28,0.019525811076164246,0.019975049421191216,0.019831059500575066,0.020430348813533783
1.28,0.020711829885840416,0.019970426335930824,0.02009773440659046,0.019475670531392097
1.28,0.019835006445646286,0.020326945930719376,0.019746556878089905,0.019240867346525192
1.28,0.020191257819533348,0.02068796195089817,0.019901519641280174,0.01982259750366211
1.3,0.01997164636850357,0.019717518240213394,0.021034911274909973,0.020159177482128143
1.3,0.021007614210247993,0.019489390775561333,0.019319813698530197,0.019406728446483612
1.3,0.019608207046985626,0.019730141386389732,0.02008965238928795,0.020186156034469604
1.319999999,0.020553812384605408,0.02019060030579567,0.02111341990530491,0.019985033199191093
1.319999999,0.019659865647554398,0.020026661455631256,0.021189875900745392,0.019005781039595604
1.319999999,0.020550407469272614,0.020034680142998695,0.02035314030945301,0.019794929772615433
1.319999999,0.020697331055998802,0.020574649795889854,0.020124780014157295,0.020168673247098923
1.339999999,0.019457699730992317,0.02101924642920494,0.02011718973517418,0.021263040602207184
1.339999999,0.020037462934851646,0.019266517832875252,0.01957996003329754,0.020198846235871315
1.339999999,0.020429907366633415,0.02103060856461525,0.019191214814782143,0.019738228991627693
1.339999999,0.020428752526640892,0.02017485909163952,0.02028515376150608,0.019930396229028702
1.359999999,0.02045624516904354,0.019940704107284546,0.019491836428642273,0.02025582455098629
1.359999999,0.019161321222782135,0.020369550213217735,0.020582279190421104,0.02054012008011341
1.359999999,0.020552970468997955,0.020256483927369118,0.0207841694355011,0.019516032189130783
1.359999999,0.019633732736110687,0.020002365112304688,0.02062177285552025,0.020036768168210983
1.379999999,0.020031319931149483,0.019864173606038094,0.020890558138489723,0.020837729796767235
1.379999999,0.019094230607151985,0.019862335175275803,0.019609160721302032,0.020577112212777138
1.379999999,0.019703024998307228,0.021012775599956512,0.019438279792666435,0.01988869160413742
1.379999999,0.02044811099767685,0.02003849856555462,0.019393719732761383,0.019939204677939415
1.399999999,0.019500698894262314,0.020377399399876595,0.019673747941851616,0.020591123029589653
1.399999999,0.019959602504968643,0.019707048311829567,0.019829092547297478,0.020029136911034584
1.399999999,0.019938385114073753,0.019940152764320374,0.019787197932600975,0.019798677414655685
1.399999999,0.01987762376666069,0.019464852288365364,0.020154478028416634,0.020189762115478516
1.42,0.019466504454612732,0.02078191004693508,0.020114853978157043,0.020476991310715675
1.42,0.019308436661958694,0.018862759694457054,0.019855430349707603,0.02033207006752491
1.42,0.020444482564926147,0.019283989444375038,0.01923738420009613,0.02052682265639305
1.42,0.01990298554301262,0.020304828882217407,0.019903386011719704,0.020133087411522865
1.44,0.01916390098631382,0.02027873694896698,0.020252114161849022,0.019513549283146858
1.44,0.020324615761637688,0.020013630390167236,0.019533509388566017,0.0204306710511446
1.44,0.020326927304267883,0.019895311444997787,0.0206063911318779,0.020775800570845604
1.46,0.020015429705381393,0.0204345490783453,0.020703915506601334,0.01948215439915657
1.46,0.020350389182567596,0.019273823127150536,0.020169183611869812,0.01964833401143551
1.46,0.020044444128870964,0.020837213844060898,0.019860072061419487,0.02075357362627983
1.46,0.020087899640202522,0.021006232127547264,0.0194645207375288,0.02078651636838913
1.48,0.019994661211967468,0.01986771449446678,0.01970118097960949,0.019985999912023544
1.48,0.020379066467285156,0.02014622464776039,0.020471395924687386,0.019805975258350372
1.48,0.02048623375594616,0.020815027877688408,0.019379455596208572,0.01923171617090702
1.48,0.020816871896386147,0.02023857645690441,0.02033589966595173,0.02038901299238205
1.5,0.020558800548315048,0.020826775580644608,0.020206324756145477,0.01955367997288704
1.5,0.020591426640748978,0.019289830699563026,0.020082246512174606,0.018709314987063408
1.5,0.01976652815937996,0.020493850111961365,0.019600914791226387,0.018811248242855072
1.5,0.021404080092906952,0.020718149840831757,0.01926991529762745,0.020805513486266136
1.52,0.02096749283373356,0.02017361856997013,0.020248718559741974,0.019984571263194084
1.52,0.02030406892299652,0.020732292905449867,0.020484749227762222,0.02046458050608635
1.52,0.019767405465245247,0.019724944606423378,0.020521976053714752,0.020331792533397675
1.54,0.020018132403492928,0.020278429612517357,0.019625909626483917,0.020514924079179764
1.54,0.019302519038319588,0.019365929067134857,0.01965753361582756,0.01993805170059204
1.54,0.01905841939151287,0.019283656030893326,0.019626323133707047,0.02040054462850094
1.54,0.019839327782392502,0.01972634345293045,0.019299635663628578,0.02015835978090763
1.54,0.01995307207107544,0.019692568108439445,0.02135019190609455,0.02055814117193222
1.56,0.020312082022428513,0.021013306453824043,0.019939567893743515,0.019600993022322655
1.56,0.01969582587480545,0.019505029544234276,0.01969142258167267,0.020462680608034134
1.56,0.020217973738908768,0.019342973828315735,0.020176652818918228,0.019747769460082054
1.56,0.02078867517411709,0.019507382065057755,0.019791463389992714,0.019724002107977867
1.56,0.019556837156414986,0.02010478265583515,0.019927682355046272,0.019898822531104088
1.58,0.02014707215130329,0.019893910735845566,0.02103808894753456,0.019804229959845543
1.58,0.01993132196366787,0.020403210073709488,0.020030980929732323,0.018122756853699684
1.58,0.020013652741909027,0.020015137270092964,0.01981482096016407,0.02003191038966179
1.58,0.020596347749233246,0.020967720076441765,0.01998220942914486,0.019929498434066772
1.58,0.01948525570333004,0.020465416833758354,0.020091209560632706,0.020175762474536896
1.6,0.02001715451478958,0.019338523969054222,0.02125321701169014,0.019838688895106316
1.6,0.020369626581668854,0.0200472641736269,0.01968221925199032,0.019345689564943314
1.6,0.020278241485357285,0.021274879574775696,0.019586559385061264,0.01962582767009735
1.6,0.02001623809337616,0.018869813531637192,0.019750498235225677,0.02016349881887436
1.62,0.020009148865938187,0.01988840661942959,0.02037682943046093,0.02032613195478916
1.62,0.019225094467401505,0.020229263231158257,0.02045147866010666,0.01987363025546074
1.62,0.020591970533132553,0.019803432747721672,0.020782655104994774,0.020337020978331566
1.62,0.01965470425784588,0.01977928914129734,0.020164137706160545,0.020174559205770493
1.6400000000000001,0.019553158432245255,0.01884397305548191,0.019628282636404037,0.020334415137767792
1.6400000000000001,0.02039456181228161,0.01944287121295929,0.019484512507915497,0.02014966309070587
1.6400000000000001,0.02056708373129368,0.019823506474494934,0.019653892144560814,0.0209678765386343
1.6600000000000001,0.019773805513978004,0.019627084955573082,0.01918206736445427,0.02076968550682068
1.6600000000000001,0.019663730636239052,0.01951124705374241,0.01900806650519371,0.01976023241877556
1.68,0.020087435841560364,0.0196516253054142,0.019345911219716072,0.01965935528278351
1.7,0.02011444978415966,0.019196704030036926,0.019983595237135887,0.019326509907841682
1.7,0.020154692232608795,0.020078212022781372,0.02041465975344181,0.019476162269711494
1.72,0.02106470800936222,0.019782450050115585,0.020890865474939346,0.019681422039866447
1.72,0.019653791561722755,0.019244756549596786,0.02031051740050316,0.019896317273378372
1.74,0.020234262570738792,0.020348720252513885,0.019670352339744568,0.020200392231345177
1.74,0.02000771462917328,0.019166529178619385,0.019671272486448288,0.01970450021326542
1.76,0.020523658022284508,0.020219463855028152,0.019147271290421486,0.020222336053848267
1.78,0.020449472591280937,0.01966501958668232,0.02023826166987419,0.022116053849458694
1.78,0.02068217284977436,0.019135819748044014,0.020212335512042046,0.019981736317276955
1.8,0.02034156769514084,0.019512224942445755,0.019687457010149956,0.019602717831730843
1.8,0.019815461710095406,0.02016286738216877,0.01982182078063488,0.020718317478895187
1.819999999,0.020916197448968887,0.02021966315805912,0.020527368411421776,0.021122481673955917
1.819999999,0.019602717831730843,0.020622313022613525,0.01902160234749317,0.020084640011191368
1.839999999,0.020066311582922935,0.02021501027047634,0.020467983558773994,0.01889577880501747
1.859999999,0.0197462048381567,0.020767617970705032,0.020306428894400597,0.01943294331431389
1.859999999,0.0207735113799572,0.019610591232776642,0.019634315744042397,0.019577331840991974
1.88,0.02007676474750042,0.019687190651893616,0.019965611398220062,0.0198785699903965
1.88,0.020490244030952454,0.01950078271329403,0.019642628729343414,0.020671814680099487
1.9,0.020399603992700577,0.019938379526138306,0.020263347774744034,0.019534984603524208
1.9,0.019551580771803856,0.020965799689292908,0.019663270562887192,0.019590632990002632
1.92,0.020082365721464157,0.020022062584757805,0.020374298095703125,0.01995196007192135
1.92,0.019201865419745445,0.019855082035064697,0.019942907616496086,0.019087232649326324
1.94,0.02085386961698532,0.0205193143337965,0.01942538097500801,0.02006448060274124
1.94,0.020342715084552765,0.01908055506646633,0.02013440430164337,0.018672876060009003
1.96,0.019197318702936172,0.020102886483073235,0.020034538581967354,0.01953664980828762
1.96,0.020477138459682465,0.019970232620835304,0.019653746858239174,0.01932222954928875
1.98,0.02004135400056839,0.019941501319408417,0.019567230716347694,0.019871719181537628
1.98,0.01995665766298771,0.02001802623271942,0.0200722087174654,0.020104005932807922
2.0,0.01992684416472912,0.02022828906774521,0.019731294363737106,0.019473031163215637
2.02,0.01982077956199646,0.020187195390462875,0.020046673715114594,0.019653860479593277
2.02,0.0205356664955616,0.019919689744710922,0.020322883501648903,0.020303744822740555
2.04,0.01955427974462509,0.020565416663885117,0.02001092955470085,0.019005371257662773
2.04,0.02020854689180851,0.020286140963435173,0.02002609148621559,0.02050054632127285
2.06,0.019784389063715935,0.0192693080753088,0.01911037415266037,0.020650256425142288
2.06,0.019938277080655098,0.020276572555303574,0.020690929144620895,0.020742833614349365
2.08,0.020267093554139137,0.020462995395064354,0.020221736282110214,0.019603615626692772
2.1,0.020701078698039055,0.020041612908244133,0.020485099405050278,0.018716489896178246
2.12,0.02022666297852993,0.019918207079172134,0.020195700228214264,0.019986413419246674
2.12,0.019393740221858025,0.020008649677038193,0.019917532801628113,0.019819842651486397
2.14,0.019874339923262596,0.020113276317715645,0.02025853469967842,0.02020064741373062
2.14,0.019243774935603142,0.019703367725014687,0.020268913358449936,0.020362194627523422
2.16,0.019211987033486366,0.019942989572882652,0.01996685191988945,0.019223125651478767
2.18,0.020181292667984962,0.01987583562731743,0.01985306106507778,0.01965281367301941
2.199999999,0.018982725217938423,0.01957046054303646,0.020904043689370155,0.02051999419927597
2.239999999,0.019964387640357018,0.020677752792835236,0.019473856315016747,0.020520348101854324
2.2799999989999997,0.02094222418963909,0.0199667327105999,0.020200399681925774,0.020090898498892784
2.299999999,0.020384974777698517,0.019771184772253036,0.01959419809281826,0.020013047382235527
2.339999999,0.019859621301293373,0.019076621159911156,0.020081136375665665,0.02054874412715435
2.379999999,0.02018066868185997,0.020636724308133125,0.019860204309225082,0.020138012245297432
2.42,0.020164458081126213,0.020878398790955544,0.020033929497003555,0.020448409020900726
2.44,0.019569864496588707,0.02039584144949913,0.020282108336687088,0.020910387858748436
2.48,0.020437804982066154,0.02003384567797184,0.020141860470175743,0.02030830830335617
2.52,0.020923864096403122,0.020602399483323097,0.02066194638609886,0.019973725080490112
2.56,0.01983809843659401,0.02024858444929123,0.020472124218940735,0.020545214414596558
2.6,0.020397737622261047,0.018801437690854073,0.01940907910466194,0.0207294262945652
2.64,0.01931104063987732,0.020136365666985512,0.020527340471744537,0.019454920664429665
2.66,0.020350661128759384,0.0202422346919775,0.020474672317504883,0.019618142396211624
2.699999999,0.02013431489467621,0.01959187164902687,0.020432906225323677,0.0194916520267725
2.739999999,0.020005930215120316,0.020254136994481087,0.020269613713026047,0.019912205636501312
2.7799999989999997,0.020298467949032784,0.019705358892679214,0.021042359992861748,0.02026706375181675
2.8199999989999998,0.019322840496897697,0.019365351647138596,0.02118493802845478,0.0195954330265522
2.859999999,0.02111094444990158,0.02045603282749653,0.019601238891482353,0.01978406496345997
2.88,0.020428942516446114,0.02062700316309929,0.020350372418761253,0.020637890323996544
2.92,0.019961420446634293,0.01950008049607277,0.02086045779287815,0.020489798858761787
2.98,0.02048654481768608,0.020328080281615257,0.02008899673819542,0.020413005724549294
3.02,0.021316584199666977,0.019713934510946274,0.019341986626386642,0.020647862926125526
3.06,0.01973627507686615,0.020481880754232407,0.019620850682258606,0.020532619208097458
3.08,0.019554805010557175,0.01983071304857731,0.020162468776106834,0.018807290121912956
3.12,0.020240407437086105,0.019664142280817032,0.020748784765601158,0.020346080884337425
3.16,0.020389797165989876,0.020472316071391106,0.020104071125388145,0.01941240206360817
3.199999999,0.019902456551790237,0.018864231184124947,0.01974654756486416,0.019548069685697556
3.239999999,0.019863372668623924,0.02040526643395424,0.02069798856973648,0.01997053064405918
3.2799999989999997,0.019074447453022003,0.020227601751685143,0.020268641412258148,0.019791819155216217
3.299999999,0.020556163042783737,0.020555971190333366,0.019939731806516647,0.021236253902316093
3.339999999,0.02016671746969223,0.019312584772706032,0.02031003311276436,0.020059293136000633
3.399999999,0.019433263689279556,0.020754441618919373,0.019383713603019714,0.019428007304668427
3.46,0.01939225196838379,0.019920475780963898,0.019753815606236458,0.020082201808691025
3.48,0.02015206776559353,0.020393898710608482,0.01998438872396946,0.020718226209282875
3.52,0.019630583003163338,0.01980726607143879,0.020524760708212852,0.01995695009827614
3.56,0.02002039924263954,0.019492261111736298,0.020598154515028,0.020952852442860603
3.6,0.02022971771657467,0.01948392763733864,0.02088477462530136,0.01994171366095543
3.64,0.019035033881664276,0.019430482760071754,0.0195449348539114,0.020317671820521355
3.68,0.019934318959712982,0.020480388775467873,0.019900185987353325,0.020283062011003494
3.7799999989999997,0.02002631314098835,0.020190350711345673,0.02074260637164116,0.020003436133265495
3.8199999989999998,0.0197428110986948,0.020027000457048416,0.020412322133779526,0.020439282059669495
3.839999999,0.020351950079202652,0.020877236500382423,0.019883600994944572,0.02034975029528141
3.88,0.019552068784832954,0.019516894593834877,0.020498353987932205,0.019277678802609444
3.92,0.01909264177083969,0.020600784569978714,0.01929260604083538,0.019642632454633713
3.9599999990000003,0.020005816593766212,0.0197907667607069,0.020252516493201256,0.02031821198761463
3.9999999990000004,0.01987297832965851,0.020046869292855263,0.01969466730952263,0.01904299668967724
4.0200000000000005,0.020252125337719917,0.020490456372499466,0.019959477707743645,0.02104663848876953
4.0600000000000005,0.02024267055094242,0.020314833149313927,0.020447956398129463,0.020191580057144165
4.119999999,0.01967334933578968,0.019294559955596924,0.019557105377316475,0.020306363701820374
4.140000000000001,0.020462751388549805,0.02049955539405346,0.019593721255660057,0.01996294967830181
4.180000000000001,0.02015959843993187,0.020017556846141815,0.019856082275509834,0.020675407722592354
4.220000000000001,0.01942380517721176,0.02082168124616146,0.019965995103120804,0.020648665726184845
4.260000000000001,0.019912950694561005,0.020761089399456978,0.020222116261720657,0.019824745133519173
4.300000000000001,0.019867615774273872,0.019565917551517487,0.019441738724708557,0.019508101046085358
4.340000000000001,0.019688766449689865,0.019929753616452217,0.020219288766384125,0.02017284370958805
4.359999999,0.020793059840798378,0.02051016502082348,0.01968085952103138,0.020281469449400902
4.399999999,0.020007627084851265,0.02030138671398163,0.019906461238861084,0.019224802032113075
4.44,0.02045336365699768,0.01922929473221302,0.02030927874147892,0.02006463333964348
4.500000000000001,0.02056785672903061,0.02038208581507206,0.01987145096063614,0.020201608538627625
4.5200000000000005,0.01996654085814953,0.02047402784228325,0.019901346415281296,0.02089926227927208
4.5600000000000005,0.02001374587416649,0.01983567327260971,0.02000802382826805,0.019389275461435318
4.6000000000000005,0.020078804343938828,0.019556978717446327,0.02034229412674904,0.01922386698424816
4.640000000000001,0.020029738545417786,0.02054726332426071,0.01984068937599659,0.020309068262577057
4.680000000000001,0.01933162286877632,0.019804198294878006,0.01916094869375229,0.020356513559818268
4.720000000000001,0.019400138407945633,0.020891867578029633,0.02046247571706772,0.01985364407300949
4.779999999,0.01972653903067112,0.01991162821650505,0.020046032965183258,0.020178407430648804
4.819999999,0.020235659554600716,0.019672375172376633,0.01988687738776207,0.01938769221305847
4.859999999,0.02046528272330761,0.01984802633523941,0.020058980211615562,0.01970035955309868
4.920000000000001,0.019497569650411606,0.0193829033523798,0.019090482965111732,0.020070092752575874
4.959999999000001,0.02088008262217045,0.019326988607645035,0.01899825409054756,0.019705677404999733
5.0200000000000005,0.019312629476189613,0.02017175778746605,0.019619420170783997,0.020656628534197807
5.0600000000000005,0.02014239691197872,0.019588079303503036,0.01888769306242466,0.021215420216321945
5.1000000000000005,0.019293952733278275,0.019989890977740288,0.020207203924655914,0.020575664937496185
5.140000000000001,0.019802911207079887,0.019869308918714523,0.019147973507642746,0.019525496289134026
5.180000000000001,0.019098231568932533,0.01920284330844879,0.02126430906355381,0.019066352397203445
5.220000000000001,0.020585888996720314,0.01911587081849575,0.018925996497273445,0.019578544422984123
5.260000000000001,0.020228011533617973,0.01995786651968956,0.020775984972715378,0.021063731983304024
5.300000000000001,0.019708484411239624,0.01963644102215767,0.02033672295510769,0.020466161891818047
5.319999999,0.01968492567539215,0.02024305798113346,0.019710859283804893,0.0201850775629282
5.380000000000001,0.020275181159377098,0.01975930854678154,0.020303532481193542,0.019569935277104378
5.420000000000001,0.01959848962724209,0.02046966180205345,0.01989642158150673,0.02013412117958069
5.459999999000001,0.020665563642978668,0.01946866884827614,0.019862549379467964,0.02113528735935688
5.48,0.019975900650024414,0.019624516367912292,0.021380415186285973,0.0200837142765522
5.5200000000000005,0.019953720271587372,0.01968315616250038,0.020051565021276474,0.02052312158048153
5.5600000000000005,0.020033296197652817,0.018719876185059547,0.01991942711174488,0.01927378587424755
5.6000000000000005,0.020542563870549202,0.019163109362125397,0.018629243597388268,0.020835913717746735
5.619999999,0.019707728177309036,0.019576290622353554,0.01946978271007538,0.019261229783296585
5.659999999,0.020062102004885674,0.02061350643634796,0.019354313611984253,0.020244954153895378
5.720000000000001,0.019872717559337616,0.020191583782434464,0.019570980221033096,0.0208550076931715
5.760000000000001,0.020478883758187294,0.019403304904699326,0.0204180758446455,0.020719658583402634
5.800000000000001,0.02042589709162712,0.019697124138474464,0.019518839195370674,0.01950955018401146
5.840000000000001,0.02076718397438526,0.019326506182551384,0.02089294232428074,0.02035236731171608
5.880000000000001,0.020094815641641617,0.020112577825784683,0.020165635272860527,0.02028091996908188
5.920000000000001,0.019792048260569572,0.020017122849822044,0.01935337670147419,0.020379146561026573
5.959999999000001,0.020264092832803726,0.019365888088941574,0.019789919257164,0.02016454003751278
5.98,0.020034566521644592,0.02036362700164318,0.019346706569194794,0.020151183009147644
6.039999999,0.02072238363325596,0.0204717218875885,0.02051880583167076,0.02025827020406723
6.079999999,0.020001094788312912,0.02048320695757866,0.019914772361516953,0.020696762949228287
6.140000000000001,0.020469531416893005,0.019830776378512383,0.019505398347973824,0.0200518611818552
6.180000000000001,0.019883442670106888,0.01943212002515793,0.019977431744337082,0.02082684263586998
6.220000000000001,0.020921915769577026,0.019481157884001732,0.020193103700876236,0.019598424434661865
6.260000000000001,0.019808147102594376,0.019897418096661568,0.019829848781228065,0.019220169633626938
6.300000000000001,0.02051803283393383,0.019912201911211014,0.020502576604485512,0.020724089816212654
6.340000000000001,0.019044701009988785,0.02010105736553669,0.020416108891367912,0.019725115969777107
6.399999999,0.01951557956635952,0.020284181460738182,0.018323680385947227,0.01971321366727352
6.44,0.020376009866595268,0.01917521469295025,0.019401606172323227,0.02077833004295826
6.500000000000001,0.02018005959689617,0.02012564055621624,0.020032674074172974,0.01994752697646618
6.5600000000000005,0.01928888075053692,0.020435241982340813,0.019336462020874023,0.019960300996899605
6.6000000000000005,0.02037954330444336,0.019378086552023888,0.020338628441095352,0.01973848044872284
6.659999999,0.020297439768910408,0.020039783790707588,0.01990838721394539,0.019881300628185272
6.739999999,0.0198507122695446,0.018978063017129898,0.02086831070482731,0.021886015310883522
6.779999999,0.019407186657190323,0.01975351944565773,0.019206812605261803,0.019203532487154007
6.859999999,0.01963532343506813,0.01870180293917656,0.020481707528233528,0.021471815183758736
6.920000000000001,0.018986422568559647,0.01998290792107582,0.020220212638378143,0.020788341760635376
6.98,0.01874692738056183,0.018938228487968445,0.021165253594517708,0.021360645070672035
7.0200000000000005,0.02046588622033596,0.01963733695447445,0.019808849319815636,0.0198998861014843
7.0600000000000005,0.0189862959086895,0.018185624852776527,0.02084474265575409,0.021407993510365486
7.1000000000000005,0.018167108297348022,0.01920708827674389,0.02127871848642826,0.019905216991901398
7.159999999,0.018344813957810402,0.019714105874300003,0.021657507866621017,0.019758418202400208
7.199999999,0.018891777843236923,0.01951088383793831,0.02097175642848015,0.01999615877866745
7.260000000000001,0.01875896006822586,0.018330710008740425,0.020989155396819115,0.020011480897665024
7.319999999,0.019223004579544067,0.019200129434466362,0.020804066210985184,0.020108221098780632
7.359999999,0.01979195512831211,0.020334763452410698,0.02070506475865841,0.0204567052423954
7.420000000000001,0.019197631627321243,0.01914587989449501,0.020572679117321968,0.020844973623752594
7.459999999000001,0.019842173904180527,0.019799543544650078,0.01974456198513508,0.019806988537311554
7.5200000000000005,0.020563650876283646,0.02017945982515812,0.020025545731186867,0.020200248807668686
7.5600000000000005,0.020059021189808846,0.019966209307312965,0.019967619329690933,0.018290862441062927
7.619999999,0.018065806478261948,0.019125012680888176,0.02065281569957733,0.020788248628377914
7.680000000000001,0.018693353980779648,0.01914050430059433,0.022009694948792458,0.02044055238366127
7.739999999,0.019548708572983742,0.019706428050994873,0.02078099735081196,0.021411120891571045
7.760000000000001,0.019854679703712463,0.019939100369811058,0.02005939558148384,0.019689710810780525
7.819999999,0.019273800775408745,0.0191485732793808,0.0206019077450037,0.020710909739136696
7.859999999,0.01952703483402729,0.0190972238779068,0.020553143694996834,0.02072877064347267
7.920000000000001,0.01906144991517067,0.018993593752384186,0.02194494567811489,0.020719124004244804
7.959999999,0.020330559462308884,0.020207837224006653,0.020428473129868507,0.020129306241869926
8.02,0.018787868320941925,0.019833769649267197,0.019854510203003883,0.02080276980996132
8.1,0.018238529562950134,0.01814245991408825,0.02020450308918953,0.021060625091195107
8.139999998999999,0.020149219781160355,0.020155660808086395,0.01998128928244114,0.019802989438176155
8.199999999,0.018681855872273445,0.01891173981130123,0.021375983953475952,0.021763810887932777
8.26,0.01980203203856945,0.018720192834734917,0.020177118480205536,0.020981010049581528
8.299999998999999,0.01973153091967106,0.018671805039048195,0.019993610680103302,0.020505964756011963
8.359999999,0.018480028957128525,0.020347416400909424,0.02050941064953804,0.02056135982275009
8.42,0.02049875445663929,0.020221682265400887,0.01887384243309498,0.020106324926018715
8.479999999,0.019958676770329475,0.01998279057443142,0.02052127756178379,0.019854919984936714
8.539999998999999,0.019884217530488968,0.019806068390607834,0.019562028348445892,0.01995294913649559
8.619999999,0.018482264131307602,0.01901961676776409,0.021424464881420135,0.02075408585369587
8.699999999,0.01898804120719433,0.018738338723778725,0.019984576851129532,0.02043476328253746
8.779999999,0.018979961052536964,0.018496058881282806,0.021061964333057404,0.02159249596297741
8.84,0.018369026482105255,0.01849830523133278,0.0218694806098938,0.021542003378272057
8.9,0.020320672541856766,0.019998835399746895,0.020293813198804855,0.020908450707793236
8.959999998999999,0.01860855147242546,0.018488140776753426,0.02260434441268444,0.021420622244477272
9.02,0.018556194379925728,0.019297238439321518,0.02176361344754696,0.022593112662434578
9.08,0.020198537036776543,0.020309900864958763,0.019773263484239578,0.019716663286089897
9.119999999,0.019015870988368988,0.019347239285707474,0.02249108999967575,0.02179679647088051
9.16,0.019929958507418633,0.020196136087179184,0.01930929534137249,0.020782973617315292
9.219999998999999,0.018399260938167572,0.018246911466121674,0.0214281864464283,0.021401546895503998
9.279999999,0.019264234229922295,0.018451308831572533,0.021228505298495293,0.02069191262125969
9.34,0.018991127610206604,0.019045569002628326,0.021261515095829964,0.021032728254795074
9.4,0.018420904874801636,0.018735187128186226,0.02246357873082161,0.02098575234413147
9.44,0.020362677052617073,0.018823331221938133,0.019989563152194023,0.020531579852104187
9.5,0.019549943506717682,0.018581556156277657,0.021065039560198784,0.02197200246155262
9.539999998999999,0.019769128412008286,0.02113107591867447,0.01987122744321823,0.0206119567155838
9.6,0.019118018448352814,0.018879620358347893,0.02160554565489292,0.02100612409412861
9.66,0.01918191649019718,0.018352776765823364,0.021769266575574875,0.021923404186964035
9.719999998999999,0.019152414053678513,0.01836187019944191,0.02229536697268486,0.021785380318760872
9.76,0.018133046105504036,0.018420575186610222,0.020408745855093002,0.02162173017859459
9.799999998999999,0.019940445199608803,0.01903645321726799,0.019732048735022545,0.020099760964512825
9.859999999,0.020001469179987907,0.020181255415081978,0.02020789124071598,0.02077391929924488
9.92,0.018110917881131172,0.017871705815196037,0.021108021959662437,0.02189350314438343
9.979999999,0.017766663804650307,0.018330780789256096,0.022262688726186752,0.02231728658080101
10.039999998999999,0.01826668344438076,0.018718291074037552,0.021588968113064766,0.022935885936021805
10.1,0.020843349397182465,0.02012607641518116,0.01996127888560295,0.020183390006422997
10.16,0.01951037533581257,0.020345959812402725,0.01918957382440567,0.019863629713654518
10.199999999,0.020228147506713867,0.020811576396226883,0.01969972625374794,0.01993037387728691
10.26,0.018918294459581375,0.0195754561573267,0.022619489580392838,0.02154543437063694
10.299999998999999,0.018624205142259598,0.017597302794456482,0.02197873219847679,0.0225384458899498
10.34,0.018938032910227776,0.020530827343463898,0.020506035536527634,0.020392702892422676
10.4,0.01801915466785431,0.018245691433548927,0.02179664559662342,0.02149871736764908
10.44,0.01865420863032341,0.017809979617595673,0.022081514820456505,0.02141842432320118
10.479999999,0.018117565661668777,0.018104825168848038,0.021892940625548363,0.021592870354652405
10.52,0.018804380670189857,0.01843872107565403,0.022425014525651932,0.021992649883031845
10.58,0.017648404464125633,0.017925016582012177,0.02249639295041561,0.021283559501171112
10.639999998999999,0.0202103890478611,0.019872304052114487,0.020344899967312813,0.020137418061494827
10.68,0.019304465502500534,0.019009683281183243,0.020541489124298096,0.019326642155647278
10.74,0.020794013515114784,0.020464973524212837,0.020138220861554146,0.020289497449994087
10.799999998999999,0.01816811040043831,0.018190870061516762,0.02128070965409279,0.022148899734020233
10.859999999,0.018673840910196304,0.018538543954491615,0.021767238155007362,0.021383710205554962
10.9,0.017868757247924805,0.01880459487438202,0.02148188091814518,0.02191747911274433
10.959999998999999,0.018169844523072243,0.018857503309845924,0.0222144927829504,0.02089519426226616
11.02,0.01741454005241394,0.017942041158676147,0.021673833951354027,0.02169189229607582
11.059999998999999,0.01797437109053135,0.01860266737639904,0.02134491316974163,0.02219746634364128
11.119999999,0.018683848902583122,0.018543502315878868,0.022044073790311813,0.022384678944945335
11.16,0.01820325292646885,0.017965136095881462,0.021648496389389038,0.021173056215047836
11.219999998999999,0.018895747140049934,0.018959593027830124,0.0224892720580101,0.02137068659067154
11.279999999,0.019446520134806633,0.019669950008392334,0.019955018535256386,0.020457368344068527
11.34,0.02018776163458824,0.01993674226105213,0.01957699842751026,0.01850924827158451
11.379999998999999,0.018815860152244568,0.01821337826550007,0.022170444950461388,0.022546831518411636
11.44,0.018517915159463882,0.017264826223254204,0.022011348977684975,0.020830970257520676
11.479999999,0.019907159730792046,0.020610926672816277,0.019073866307735443,0.019652850925922394
11.52,0.018324408680200577,0.018549365922808647,0.021988827735185623,0.02238329127430916
11.58,0.018118422478437424,0.018113629892468452,0.02168203704059124,0.022735627368092537
11.619999999,0.017233259975910187,0.017780032008886337,0.021822771057486534,0.022178636863827705
11.68,0.017734088003635406,0.019189056009054184,0.022077307105064392,0.02248433604836464
11.76,0.016653377562761307,0.018705975264310837,0.021071625873446465,0.023216648027300835
11.82,0.017331136390566826,0.019352326169610023,0.021172616630792618,0.022243546321988106
11.879999998999999,0.01752549223601818,0.01952866092324257,0.020672516897320747,0.023593619465827942
11.92,0.016054438427090645,0.018808254972100258,0.020689599215984344,0.02259811945259571
11.979999999,0.018363000825047493,0.021492039784789085,0.018394485116004944,0.021449418738484383
12.02,0.017467038705945015,0.019113270565867424,0.020475976169109344,0.022401971742510796
12.08,0.018481718376278877,0.022243540734052658,0.018094226717948914,0.021178722381591797
12.119999999,0.01682407408952713,0.01906098797917366,0.020214106887578964,0.0227680467069149
12.16,0.018248695880174637,0.021076079457998276,0.019145702943205833,0.021741244941949844
12.219999998999999,0.01685754582285881,0.02043752372264862,0.020216280594468117,0.022335615009069443
12.26,0.01637374982237816,0.020067906007170677,0.02047405205667019,0.02274070307612419
12.32,0.017830995842814445,0.019635584205389023,0.02019427716732025,0.022545142099261284
12.359999999,0.016910405829548836,0.01966121792793274,0.020014295354485512,0.023120775818824768
12.42,0.01720999740064144,0.01933162659406662,0.020675737410783768,0.023131676018238068
12.459999998999999,0.01720239408314228,0.020312614738941193,0.019649457186460495,0.023866644129157066
12.5,0.01856454648077488,0.020820897072553635,0.01807795651257038,0.021160133183002472
12.559999999,0.016089094802737236,0.01960989460349083,0.018910357728600502,0.023519475013017654
12.6,0.01759607531130314,0.020183390006422997,0.02062945067882538,0.023220837116241455
12.66,0.016181563958525658,0.019602641463279724,0.020354611799120903,0.023447556421160698
12.719999998999999,0.01648995280265808,0.019872229546308517,0.02046692557632923,0.022818537428975105
12.76,0.01595013588666916,0.01890360191464424,0.020453041419386864,0.023140203207731247
12.82,0.016972126439213753,0.019414367154240608,0.021285299211740494,0.02217259630560875
12.859999999,0.017631011083722115,0.019780458882451057,0.020730797201395035,0.022838914766907692
12.92,0.015980735421180725,0.02086135745048523,0.02008640021085739,0.02307853288948536
12.959999998999999,0.017386164516210556,0.020672179758548737,0.01969888247549534,0.02287270314991474
13.02,0.016155056655406952,0.01974238082766533,0.020194102078676224,0.02245427295565605
13.059999998999999,0.016625070944428444,0.02024778164923191,0.020177915692329407,0.023495549336075783
13.119999999,0.016237789765000343,0.020886337384581566,0.019644469022750854,0.022640185430645943
13.16,0.01711139641702175,0.020312145352363586,0.019830113276839256,0.024046732112765312
13.199999999,0.01633937656879425,0.019989952445030212,0.01941838301718235,0.022757532075047493
13.26,0.018420759588479996,0.021533692255616188,0.016857264563441277,0.022700384259223938
13.299999998999999,0.018145443871617317,0.022028464823961258,0.01834314689040184,0.021907934918999672
13.34,0.01618460938334465,0.01940804161131382,0.01958284340798855,0.023248933255672455
13.379999998999999,0.01605861820280552,0.019937332719564438,0.01867620274424553,0.023195546120405197
13.42,0.015699094161391258,0.01986938714981079,0.019483989104628563,0.023338092491030693
13.479999999,0.016981851309537888,0.020363623276352882,0.01969999633729458,0.024028955027461052
13.52,0.016030779108405113,0.020906083285808563,0.019923528656363487,0.024518122896552086
13.58,0.018188180401921272,0.022554615512490273,0.017333000898361206,0.022905511781573296
13.619999999,0.0152771370485425,0.02207615040242672,0.018961424008011818,0.024723848327994347
13.68,0.01592632196843624,0.02397720329463482,0.016097554937005043,0.023692145943641663
13.719999998999999,0.015378941781818867,0.024899374693632126,0.015104505233466625,0.02455635741353035
13.76,0.014003067277371883,0.02584090270102024,0.014702125452458858,0.02479989267885685
13.799999998999999,0.01425779890269041,0.026570122689008713,0.013785759918391705,0.0257366131991148
13.859999999,0.01360776461660862,0.028152525424957275,0.01228813361376524,0.02669418416917324
13.92,0.011105661280453205,0.026471802964806557,0.014811516739428043,0.029230264946818352
13.94,0.011796615086495876,0.026935840025544167,0.011778580956161022,0.027018491178750992
13.979999999,0.012047842144966125,0.02749391831457615,0.011497946456074715,0.027964938431978226
14.02,0.011671420186758041,0.028565865010023117,0.012724451720714569,0.028347443789243698
14.059999998999999,0.01064161118119955,0.027305178344249725,0.01330626755952835,0.028973989188671112
14.1,0.010906600393354893,0.027014976367354393,0.012729788199067116,0.029427282512187958
14.119999999,0.011700180359184742,0.027669217437505722,0.011918761767446995,0.028945405036211014
14.16,0.009690205566585064,0.025854021310806274,0.01269407570362091,0.02957354113459587
14.199999999,0.009288383647799492,0.02734546549618244,0.013125604949891567,0.02978847362101078
14.24,0.010674694553017616,0.027362151071429253,0.01408894918859005,0.030143415555357933
14.279999999,0.009192443452775478,0.026218261569738388,0.012730365619063377,0.030253494158387184
14.299999998999999,0.010051796212792397,0.02738993987441063,0.011903568170964718,0.030474307015538216
14.359999999,0.00898587703704834,0.027341309934854507,0.01295451633632183,0.03143290802836418
14.379999998999999,0.009970644488930702,0.02855193428695202,0.012595556676387787,0.02980215474963188
14.42,0.010377108119428158,0.028559859842061996,0.01234384998679161,0.029502738267183304
14.459999998999999,0.009946218691766262,0.027706660330295563,0.012652353383600712,0.030532265082001686
14.5,0.009333288297057152,0.029305025935173035,0.010854318737983704,0.03011554852128029
14.539999998999999,0.009746995754539967,0.029974980279803276,0.01001536101102829,0.030675997957587242
14.58,0.008960908278822899,0.028576772660017014,0.010598450899124146,0.031089477241039276
14.639999998999999,0.00818396545946598,0.028613001108169556,0.011895512230694294,0.03152104839682579
14.66,0.00875723734498024,0.029173830524086952,0.011078262701630592,0.03055315650999546
14.699999999,0.008013115264475346,0.02932579256594181,0.011355231516063213,0.031462788581848145
14.74,0.009275523945689201,0.029511841014027596,0.010145443491637707,0.02978949248790741
14.779999999,0.00870343204587698,0.028950585052371025,0.011573254130780697,0.031132828444242477
14.799999998999999,0.009648818522691727,0.03019239567220211,0.009322838857769966,0.030089523643255234
14.84,0.0073044453747570515,0.028095563873648643,0.012036725878715515,0.03249949961900711
14.879999998999999,0.007596828043460846,0.028231462463736534,0.01151007879525423,0.033306948840618134
14.92,0.0059430948458611965,0.028860947117209435,0.011653371155261993,0.03295065090060234
14.959999998999999,0.005779965315014124,0.028039542958140373,0.012529827654361725,0.03350294753909111
14.979999999,0.007765530608594418,0.02991732768714428,0.008712567389011383,0.03284098953008652
15.02,0.007420189678668976,0.030909860506653786,0.010401529259979725,0.03278769180178642
15.059999998999999,0.00701818848028779,0.030118387192487717,0.009580276906490326,0.0320725254714489
15.08,0.008094423450529575,0.03169431537389755,0.009375893510878086,0.03195187449455261
15.119999999,0.005939729046076536,0.029205678030848503,0.011614952236413956,0.03397545963525772
15.16,0.005188555456697941,0.029007097706198692,0.011348719708621502,0.03495479375123978
15.199999999,0.00513114919885993,0.02988589182496071,0.01011478528380394,0.03384952247142792
15.24,0.006281960755586624,0.029425278306007385,0.01066761463880539,0.033359650522470474
15.279999999,0.006202262826263905,0.029284179210662842,0.010412564501166344,0.033671893179416656
15.32,0.00636875769123435,0.0297776497900486,0.009677672758698463,0.034891754388809204
15.34,0.008335543796420097,0.03181576356291771,0.008546964265406132,0.033206451684236526
15.379999998999999,0.005486960988491774,0.02873893454670906,0.00993330031633377,0.03349865972995758
15.4,0.007052440196275711,0.030695175752043724,0.009141898714005947,0.03389660641551018
15.459999998999999,0.005243417341262102,0.029583266004920006,0.011098721995949745,0.035369958728551865
15.479999999,0.005185016896575689,0.03047960437834263,0.009185786359012127,0.03483278676867485
15.52,0.005080646835267544,0.03045397438108921,0.009027470834553242,0.03500916063785553
15.559999999,0.004469423089176416,0.031074365600943565,0.00898459367454052,0.034064363688230515
15.6,0.00490635447204113,0.03127709776163101,0.009292908944189548,0.035648785531520844
15.619999999,0.007799492217600346,0.033265866339206696,0.00726226856932044,0.03338337317109108
15.68,0.005003931932151318,0.03132622689008713,0.0074110496789216995,0.035024866461753845
15.699999999,0.004969673231244087,0.03187337890267372,0.008654044941067696,0.034440264105796814
15.719999998999999,0.006447489373385906,0.032656461000442505,0.006196556147187948,0.03407704085111618
15.76,0.006063607055693865,0.03398097679018974,0.00594357680529356,0.032248564064502716
15.799999998999999,0.0030491689685732126,0.02970029227435589,0.0102999247610569,0.037204355001449585
15.82,0.004743133671581745,0.03116266243159771,0.008974479511380196,0.03593560680747032
15.879999998999999,0.0011882336111739278,0.030963383615016937,0.009511630982160568,0.037819694727659225
15.9,0.0011979867704212666,0.030649706721305847,0.009488225914537907,0.03822576254606247
15.94,0.0007433081627823412,0.030569596216082573,0.009253047406673431,0.038552071899175644
15.979999998999999,0.002038386184722185,0.031667597591876984,0.00772051652893424,0.03836599364876747
15.999999998999998,0.003220135811716318,0.033059604465961456,0.007460921537131071,0.037354473024606705
16.040000000000003,0.002423925092443824,0.032758552581071854,0.007363225799053907,0.0377284400165081
16.060000000000002,0.005053365603089333,0.03453024476766586,0.0045282961800694466,0.03608300909399986
16.080000000000002,0.00456450879573822,0.03569673374295235,0.004845303483307362,0.03446126729249954
16.1,0.003157247556373477,0.033565204590559006,0.005290741100907326,0.037461813539266586
16.1,0.004367228131741285,0.03559216111898422,0.005424573551863432,0.03564394637942314
16.1,0.00487708393484354,0.03483635559678078,0.004564846400171518,0.03487783670425415
16.119999999,0.0016600295202806592,0.03151870518922806,0.0082057174295187,0.03925437480211258
16.119999999,0.004579512868076563,0.035575758665800095,0.004811951890587807,0.0347205325961113
16.119999999,0.004973768722265959,0.03540922328829765,0.004030362702906132,0.03589548543095589
16.139999999,0.004217358306050301,0.035742249339818954,0.00426055071875453,0.03577151894569397
16.139999999,0.0047978186048567295,0.03438781946897507,0.0029684794135391712,0.03605217859148979
16.159999999,-0.00039881039992906153,0.03251703083515167,0.008136038668453693,0.03871152549982071
16.159999999,0.00462139118462801,0.03633544221520424,0.003707289695739746,0.03539184108376503
16.159999999,0.0038312063552439213,0.03523186594247818,0.005031250882893801,0.03498677909374237
16.159999999,0.004655911587178707,0.03529386594891548,0.003945300355553627,0.03569982200860977
16.179999999,0.004648985341191292,0.03510194644331932,0.0042687393724918365,0.03450925275683403
16.179999999,0.005231570452451706,0.03599228337407112,0.004019010346382856,0.03509288281202316
16.200000000000003,0.0011237887665629387,0.03309224173426628,0.006926423870027065,0.038720808923244476
16.220000000000002,0.0016011095140129328,0.033281758427619934,0.006737722083926201,0.0389883853495121
16.26,0.0038675570394843817,0.0365556962788105,0.0035541232209652662,0.03663073480129242
16.299999999,-0.008029336109757423,0.02556990087032318,0.014412020333111286,0.04857144132256508
16.319999999,0.0035470672883093357,0.03637450560927391,0.003280204487964511,0.036796052008867264
16.360000000000003,-0.0023155950475484133,0.03105495683848858,0.008935293182730675,0.04275257885456085
16.380000000000003,0.001154434634372592,0.0366867296397686,0.004194759298115969,0.039049968123435974
16.400000000000002,-0.0040337760001420975,0.03049718216061592,0.009759905748069286,0.04355559125542641
16.42,0.0020498952362686396,0.037514541298151016,0.0019275369122624397,0.03774501383304596
16.479999999,0.0015762562397867441,0.03640183061361313,0.0024090963415801525,0.038393616676330566
16.499999999,0.004042745567858219,0.04063574969768524,-0.0007974373875185847,0.036472734063863754
16.540000000000003,-0.006422610487788916,0.030243761837482452,0.010931783355772495,0.047032177448272705
16.580000000000002,0.00201700022444129,0.03796206787228584,0.0024980034213513136,0.038211047649383545
16.639999999,-0.0018975200364366174,0.034566573798656464,0.005122723523527384,0.04292059689760208
16.659999999,0.00038248897180892527,0.03952566161751747,0.0001545718259876594,0.03932890295982361
16.700000000000003,-0.0069383238442242146,0.03011058084666729,0.008865220472216606,0.04732898995280266
16.740000000000002,0.0016254909569397569,0.038786839693784714,0.0017046553548425436,0.03818044811487198
16.779999999,-0.001949623110704124,0.03929826244711876,0.0011629186337813735,0.03972001001238823
16.819999999,-0.006663409527391195,0.03368006646633148,0.00645600538700819,0.045822251588106155
16.880000000000003,0.004853950347751379,0.04438428953289986,-0.005571691319346428,0.03621527552604675
16.92,-0.004010185599327087,0.03493563458323479,0.004460339900106192,0.0439327172935009
16.959999999,-0.0021195218432694674,0.03758556395769119,0.002714733127504587,0.04174264892935753
16.979999999,-0.0023141680285334587,0.03653878718614578,0.00383484223857522,0.042175933718681335
17.040000000000003,-0.0012569964164867997,0.038167182356119156,0.000879232888109982,0.04144236072897911
17.060000000000002,-0.0026975299697369337,0.03798839822411537,0.001210749032907188,0.04279597848653793
17.119999999,0.00014119959087111056,0.04124496132135391,-0.0026839161291718483,0.04005831852555275
17.139999999,-0.00040154956514015794,0.03914980962872505,-0.000604083645157516,0.039568278938531876
17.179999999,-0.0009361235424876213,0.040808018296957016,-0.001377830165438354,0.040433451533317566
17.220000000000002,-0.005372390151023865,0.037524525076150894,0.003032742068171501,0.04423382878303528
17.26,-0.0004049648705404252,0.040194425731897354,0.00019787631754297763,0.04098043590784073
17.299999999,-0.0007825863431207836,0.04140118137001991,-0.0004531839513219893,0.04158608242869377
17.360000000000003,-0.003955760505050421,0.036958374083042145,0.0022614707704633474,0.043393149971961975
17.42,0.0001293067616643384,0.04105678200721741,-0.0016625967109575868,0.03963847458362579
17.459999999,-0.0038324559573084116,0.04066579416394234,0.0005671425024047494,0.04433468356728554
17.499999999,-0.0024164128117263317,0.04110779985785484,-0.000981854391284287,0.042178187519311905
17.540000000000003,0.000412959634559229,0.04258694872260094,-0.0014093710342422128,0.039751652628183365
17.6,-0.003007477382197976,0.04047432914376259,-0.00017825151735451072,0.04277731478214264
17.619999999,-0.002390021923929453,0.04077812284231186,-0.0014412844320759177,0.041508615016937256
17.679999999,-0.0007790126255713403,0.04303096979856491,-0.0027465135790407658,0.039216041564941406
17.720000000000002,-0.002161645097658038,0.041777629405260086,-0.0029829740524291992,0.042567141354084015
17.779999999,-0.0014541235286742449,0.04280740022659302,-0.002359341364353895,0.04125302657485008
17.839999999,-0.00340702454559505,0.040874045342206955,-0.0007388300728052855,0.04231419414281845
17.880000000000003,-0.0029355650767683983,0.04006420448422432,-0.000561848166398704,0.04332705959677696
17.92,-0.002998063573613763,0.040718983858823776,-0.0017733144341036677,0.04111354425549507
17.959999999,-0.00386910536326468,0.04065340384840965,-0.00042354915058240294,0.04359450936317444
18.019999999000003,-0.004086014349013567,0.04148246720433235,-0.0009865413885563612,0.04381774738430977
18.060000000000002,-0.003834227565675974,0.040884312242269516,-0.002048076596111059,0.043160777539014816
18.119999999,-0.0036908015608787537,0.04244581237435341,-0.0031996620818972588,0.04318726807832718
18.159999999,-0.0016654166392982006,0.04490048810839653,-0.005791191011667252,0.04152660444378853
18.179999999,-0.005863999482244253,0.041670795530080795,-0.001997100654989481,0.04475683346390724
18.220000000000002,-0.0013036209857091308,0.04327178746461868,-0.0035817085299640894,0.04114849120378494
18.279999999,-0.003116220934316516,0.04217427596449852,-0.0027751591987907887,0.04212971031665802
18.319999999,-0.0032696514390408993,0.04360426962375641,-0.003187174443155527,0.04303773492574692
18.339999999,-0.0019610910676419735,0.04460708051919937,-0.004807584453374147,0.041967105120420456
18.339999999,-0.0032197616528719664,0.04303012415766716,-0.003431608434766531,0.04403555393218994
18.380000000000003,-0.0034696869552135468,0.043040163815021515,-0.0025100060738623142,0.042499564588069916
18.42,-0.0036635594442486763,0.04216218739748001,-0.002052800264209509,0.04345649108290672
18.479999999,-0.00515693100169301,0.04156149923801422,-0.002461784752085805,0.04424605146050453
18.519999999000003,-0.005311346147209406,0.04015267267823219,-0.0003851732180919498,0.046073611825704575
18.580000000000002,-0.003269494976848364,0.04375096783041954,-0.004128769040107727,0.043710414320230484
18.619999999,-0.003608883358538151,0.0445391982793808,-0.003467263886705041,0.0435270257294178
18.679999999,-0.003352185944095254,0.04421225190162659,-0.004141794517636299,0.04382983222603798
18.700000000000003,-0.004088566172868013,0.04292123392224312,-0.0044141486287117004,0.04342057183384895
18.720000000000002,-0.00376751646399498,0.04359349235892296,-0.0032219120766967535,0.044335611164569855
18.720000000000002,-0.004588043317198753,0.04357115179300308,-0.003541721263900399,0.04348692670464516
18.720000000000002,-0.003767665708437562,0.0440659262239933,-0.0035757399164140224,0.04369521886110306
18.740000000000002,-0.004470644518733025,0.04463620111346245,-0.005195915699005127,0.04426317289471626
18.740000000000002,-0.004637185484170914,0.04352279379963875,-0.0041175102815032005,0.044218361377716064
18.76,-0.007086497265845537,0.041345447301864624,-0.0020055491477251053,0.046251147985458374
18.76,-0.005214949604123831,0.0435781329870224,-0.004663468804210424,0.04362672194838524
18.779999999,-0.005812977906316519,0.04304517060518265,-0.0030929434578865767,0.045877598226070404
18.819999999,-0.007703722454607487,0.04211790859699249,-0.002700189361348748,0.04761909693479538
18.860000000000003,-0.00913490541279316,0.041740257292985916,-0.002499476308003068,0.04773500934243202
18.92,-0.010042868554592133,0.04048570990562439,-0.0003179081541020423,0.04990864172577858
18.959999999,-0.005944909527897835,0.04614705964922905,-0.005666365846991539,0.04513810575008392
19.040000000000003,-0.006190628744661808,0.04652998968958855,-0.006368321366608143,0.04691499471664429
19.080000000000002,-0.009942715987563133,0.041735198348760605,-0.0018455496756359935,0.05028904601931572
19.119999999,-0.00700808921828866,0.04776092618703842,-0.006392539944499731,0.04706296697258949
19.200000000000003,-0.010155480355024338,0.043065328150987625,-0.0031950813718140125,0.05077718570828438
19.240000000000002,-0.011798801831901073,0.04449719190597534,-0.004391801077872515,0.05168845131993294
19.299999999,-0.011955060064792633,0.04497286304831505,-0.005135468672960997,0.05198510363698006
19.360000000000003,-0.013119956478476524,0.04475880786776543,-0.004337138496339321,0.05272312089800835
19.42,-0.01364178117364645,0.04560556262731552,-0.006078022066503763,0.051845356822013855
19.459999999,-0.009409389458596706,0.05044664815068245,-0.009368262253701687,0.04926185682415962
19.519999999000003,-0.008236235938966274,0.048500023782253265,-0.007952073588967323,0.04909972473978996
19.580000000000002,-0.014200431294739246,0.04436933249235153,-0.00489742262288928,0.054186657071113586
19.639999999,-0.01513017900288105,0.04502198472619057,-0.005315083544701338,0.05590621381998062
19.720000000000002,-0.011559775099158287,0.05172990635037422,-0.011238948442041874,0.0521632544696331
19.76,-0.016436608508229256,0.047858137637376785,-0.007189227268099785,0.05710386112332344
19.799999999,-0.01718457043170929,0.047991327941417694,-0.00815312098711729,0.05802563950419426
19.880000000000003,-0.016991298645734787,0.04830773174762726,-0.008752656169235706,0.057766109704971313
19.94,-0.017237672582268715,0.04927993193268776,-0.010207600891590118,0.058429595082998276
19.979999999,-0.014169312082231045,0.054089587181806564,-0.013140561990439892,0.0534503273665905
20.060000000000002,-0.016902035102248192,0.05115016922354698,-0.011713294312357903,0.05761874094605446
20.1,-0.017913203686475754,0.05079645663499832,-0.010875409469008446,0.05738719180226326
20.159999999,-0.014582755975425243,0.05441634729504585,-0.014944933354854584,0.05456868186593056
20.220000000000002,-0.02051352895796299,0.0515403114259243,-0.011279990896582603,0.059738889336586
20.26,-0.02080976404249668,0.052259378135204315,-0.01107839960604906,0.061630625277757645
20.319999999,-0.018623443320393562,0.053889304399490356,-0.013337464071810246,0.0582306943833828
20.360000000000003,-0.01831083558499813,0.05277714878320694,-0.014857007190585136,0.0585227832198143
20.44,-0.020037198439240456,0.054818831384181976,-0.0152222765609622,0.058289073407649994
20.479999999,-0.01813317835330963,0.05645831301808357,-0.01670907624065876,0.0577155277132988
20.540000000000003,-0.018277717754244804,0.05635960027575493,-0.0160552728921175,0.05858368054032326
20.580000000000002,-0.017942802980542183,0.05655856803059578,-0.016719544306397438,0.05770261585712433
20.639999999,-0.017528165131807327,0.05692146345973015,-0.01733182743191719,0.057947270572185516
20.700000000000003,-0.019855953752994537,0.05695173516869545,-0.017788216471672058,0.05951171740889549
20.740000000000002,-0.019382795318961143,0.05750519409775734,-0.017706580460071564,0.0580935999751091
20.799999999,-0.018688485026359558,0.05699043348431587,-0.01803063414990902,0.05873537063598633
20.860000000000003,-0.018450848758220673,0.05891089141368866,-0.01824573241174221,0.05760609358549118
20.92,-0.016774702817201614,0.05878446623682976,-0.02048182673752308,0.05578196048736572
20.979999999,-0.018911024555563927,0.05759287625551224,-0.018984787166118622,0.05815470963716507
21.019999999000003,-0.016201980412006378,0.05913187563419342,-0.019609970971941948,0.05544029921293259
21.080000000000002,-0.017044128850102425,0.060555338859558105,-0.01933503895998001,0.055957287549972534
21.119999999,-0.017732620239257812,0.0574994832277298,-0.018032100051641464,0.05808359012007713
21.200000000000003,-0.01574699766933918,0.0593879297375679,-0.019692840054631233,0.05711833015084267
21.240000000000002,-0.016942985355854034,0.06041456386446953,-0.02024216204881668,0.056386467069387436
21.299999999,-0.016906939446926117,0.05793269723653793,-0.01863081380724907,0.058904483914375305
21.360000000000003,-0.01637958735227585,0.059393931180238724,-0.019096167758107185,0.05712489038705826
21.42,-0.015783507376909256,0.05968291684985161,-0.020969456061720848,0.056182730942964554
21.479999999,-0.017946714535355568,0.057182688266038895,-0.01709604635834694,0.05742436647415161
21.540000000000003,-0.016012754291296005,0.06056451052427292,-0.01927950046956539,0.0564359575510025
21.580000000000002,-0.015997538343071938,0.05952460691332817,-0.019493339583277702,0.055280160158872604
21.639999999,-0.017541833221912384,0.05738667771220207,-0.017351511865854263,0.057186007499694824
21.700000000000003,-0.01718762330710888,0.058020249009132385,-0.01810174435377121,0.05654344707727432
21.740000000000002,-0.01642567850649357,0.05721944943070412,-0.01646941713988781,0.056871458888053894
21.819999999,-0.017115015536546707,0.05633413419127464,-0.018223149701952934,0.056677959859371185
21.860000000000003,-0.017490539699792862,0.0577259287238121,-0.017709266394376755,0.05800324305891991
21.92,-0.017721114680171013,0.05734839290380478,-0.017315661534667015,0.0578375868499279
21.979999999,-0.018266402184963226,0.056186843663454056,-0.016305573284626007,0.05769127234816551
22.040000000000003,-0.01848806068301201,0.05635944753885269,-0.015914803370833397,0.058830857276916504
22.080000000000002,-0.019976800307631493,0.05539924278855324,-0.015345362015068531,0.06000938266515732
22.139999999,-0.02154504507780075,0.054274819791316986,-0.015206717886030674,0.062175389379262924
22.200000000000003,-0.02307301014661789,0.053597867488861084,-0.013528012670576572,0.06321988999843597
22.240000000000002,-0.018079260364174843,0.057903893291950226,-0.017978906631469727,0.05776732414960861
22.319999999,-0.018794279545545578,0.05937988683581352,-0.01910213939845562,0.058518052101135254
22.339999999,-0.0199592225253582,0.0603807270526886,-0.019417548552155495,0.05915537476539612
22.380000000000003,-0.01979011297225952,0.06075754016637802,-0.020334064960479736,0.05921594053506851
22.44,-0.02403143420815468,0.055177461355924606,-0.014819055795669556,0.0649835616350174
22.479999999,-0.019766252487897873,0.06030311435461044,-0.02112368308007717,0.06139948219060898
22.519999999000003,-0.025355149060487747,0.056756943464279175,-0.016509074717760086,0.06504411995410919
22.540000000000003,-0.02102087251842022,0.0611175112426281,-0.021009037271142006,0.06063847616314888
22.540000000000003,-0.021061327308416367,0.060646917670965195,-0.020503098145127296,0.06121349334716797
22.560000000000002,-0.02051764726638794,0.06169233098626137,-0.021144885569810867,0.06171003729104996
22.6,-0.02669677697122097,0.05636518448591232,-0.015621300786733627,0.06662751734256744
22.6,-0.021131359040737152,0.061320800334215164,-0.021229742094874382,0.061730049550533295
22.619999999,-0.02199258655309677,0.061481017619371414,-0.021365249529480934,0.06104134023189545
22.619999999,-0.021124206483364105,0.060817454010248184,-0.02144637517631054,0.061290256679058075
22.639999999,-0.021255554631352425,0.061690039932727814,-0.021375611424446106,0.061650995165109634
22.659999999,-0.022327343001961708,0.061145856976509094,-0.020971257239580154,0.06249197944998741
22.659999999,-0.02148456871509552,0.0625673159956932,-0.02168869413435459,0.06168381869792938
22.679999999,-0.021685227751731873,0.061968494206666946,-0.021919917315244675,0.06193975359201431
22.700000000000003,-0.03150093927979469,0.05363016948103905,-0.013254615478217602,0.07085885107517242
22.76,-0.034834124147892,0.05103560909628868,-0.011444790288805962,0.07534577697515488
22.799999999,-0.02407092973589897,0.06384682655334473,-0.024497751146554947,0.06350284069776535
22.860000000000003,-0.033598754554986954,0.05578378215432167,-0.015274043194949627,0.07425076514482498
22.92,-0.0294541846960783,0.060026902705430984,-0.01931547187268734,0.07007007300853729
22.979999999,-0.03139564394950867,0.05944156274199486,-0.01938336342573166,0.07077719271183014
23.019999999000003,-0.028439955785870552,0.06079206243157387,-0.019994990900158882,0.06935834139585495
23.1,-0.027726417407393456,0.06136470288038254,-0.022500596940517426,0.06703362613916397
23.139999999,-0.028740091249346733,0.061309512704610825,-0.02168019860982895,0.06859196722507477
23.200000000000003,-0.03144505247473717,0.05940466374158859,-0.019440483301877975,0.07110197097063065
23.26,-0.02966475486755371,0.06194239482283592,-0.02207210846245289,0.06910388916730881
23.319999999,-0.03109101951122284,0.06008218973875046,-0.01949351094663143,0.07138793170452118
23.380000000000003,-0.028933890163898468,0.06303124874830246,-0.02298072725534439,0.06924010813236237
23.42,-0.026434943079948425,0.06544744223356247,-0.025215916335582733,0.0671093761920929
23.499999999,-0.02587253972887993,0.06709536164999008,-0.025878695771098137,0.06638801097869873
23.540000000000003,-0.026654032990336418,0.06575464457273483,-0.025494461879134178,0.06659919023513794
23.580000000000002,-0.026019731536507607,0.06560444086790085,-0.0259635578840971,0.06533750146627426
23.639999999,-0.02635849267244339,0.06620745360851288,-0.026454724371433258,0.06589943915605545
23.679999999,-0.025804052129387856,0.06598249077796936,-0.025486411526799202,0.06427264213562012
23.740000000000002,-0.025995289906859398,0.0651903748512268,-0.024569449946284294,0.06634865701198578
23.779999999,-0.026247156783938408,0.06481433659791946,-0.02499297261238098,0.06627970188856125
23.839999999,-0.02519756555557251,0.0654776394367218,-0.024558089673519135,0.06565708667039871
23.880000000000003,-0.025297168642282486,0.06415624916553497,-0.02474200166761875,0.0652659460902214
23.92,-0.024254953488707542,0.06542187184095383,-0.02495909295976162,0.06435032933950424
23.959999999,-0.02426670677959919,0.06482841819524765,-0.025144606828689575,0.06457482278347015
24.019999999000003,-0.02274823561310768,0.06610486656427383,-0.02572789415717125,0.06277947127819061
24.080000000000002,-0.022014860063791275,0.06499092280864716,-0.02538369596004486,0.061743516474962234
24.139999999,-0.02130402997136116,0.06695011258125305,-0.026076553389430046,0.06112239882349968
24.179999999,-0.023497411981225014,0.06422965228557587,-0.022221680730581284,0.0629769042134285
24.240000000000002,-0.02050514705479145,0.06539104878902435,-0.02663581445813179,0.06053103879094124
24.279999999,-0.02298060804605484,0.062341153621673584,-0.022335804998874664,0.06332965195178986
24.319999999,-0.023445799946784973,0.06298021227121353,-0.02180897444486618,0.06198999285697937
24.380000000000003,-0.022813688963651657,0.06378445774316788,-0.02371595986187458,0.06274726241827011
24.44,-0.02125111222267151,0.06438892334699631,-0.023781495168805122,0.061255697160959244
24.499999999,-0.022326204925775528,0.06172606721520424,-0.021815963089466095,0.06157611683011055
24.560000000000002,-0.01849461905658245,0.0625436082482338,-0.02219647541642189,0.05913948267698288
24.619999999,-0.018640734255313873,0.06241818144917488,-0.02321581542491913,0.05817077308893204
24.700000000000003,-0.019659578800201416,0.061257317662239075,-0.02015056647360325,0.059989262372255325
24.76,-0.020898176357150078,0.0602417066693306,-0.020630326122045517,0.06168409064412117
24.819999999,-0.020479882135987282,0.060808464884757996,-0.02151012420654297,0.06063179671764374
24.880000000000003,-0.020765628665685654,0.059907201677560806,-0.018959401175379753,0.06165393069386482
24.94,-0.017771709710359573,0.0574980266392231,-0.017454946413636208,0.057729724794626236
25.019999999000003,-0.017364511266350746,0.04283367469906807,-0.002863688860088587,0.058399498462677
25.080000000000002,-0.011365402489900589,0.03492877259850502,0.004627318121492863,0.050809215754270554
25.139999999,-0.0029034102335572243,0.027232758700847626,0.01270747184753418,0.04305600747466087
25.220000000000002,0.009496435523033142,0.022987976670265198,0.01772148907184601,0.030771028250455856
25.279999999,0.00954989530146122,0.016513222828507423,0.0240870900452137,0.029901893809437752
25.339999999,0.01772947795689106,0.010312244296073914,0.030005648732185364,0.022176185622811317
25.42,0.023638932034373283,-0.001476748613640666,0.04231433570384979,0.015775954350829124
25.499999999,0.03448740392923355,-0.012225483544170856,0.05165921896696091,0.00515296496450901
25.560000000000002,0.04792015999555588,-0.013906150124967098,0.05358818918466568,-0.00824869517236948
25.639999999,0.05557718873023987,-0.020233692601323128,0.05959499254822731,-0.014546690508723259
25.720000000000002,0.06102682277560234,-0.021292850375175476,0.06242821365594864,-0.02062104642391205
25.779999999,0.0642828643321991,-0.023022809997200966,0.06289459019899368,-0.023866979405283928
25.839999999,0.06324809044599533,-0.02311127819120884,0.06385549902915955,-0.02283962070941925
25.900000000000002,0.0645003393292427,-0.020132193341851234,0.062253765761852264,-0.025637885555624962
25.959999999,0.06358228623867035,-0.022572532296180725,0.06270638108253479,-0.023741340264678
26.019999999000003,0.06518980115652084,-0.02128015272319317,0.06133022531867027,-0.024742737412452698
26.080000000000002,0.06476586312055588,-0.020737404003739357,0.06160515546798706,-0.024827072396874428
26.159999999,0.06481043249368668,-0.02103165164589882,0.06132631376385689,-0.024495044723153114
26.220000000000002,0.06545901298522949,-0.02264341525733471,0.06315567344427109,-0.025619158521294594
26.299999999,0.06301123648881912,-0.023005414754152298,0.06344690173864365,-0.022903310135006905
26.380000000000003,0.061042312532663345,-0.022144703194499016,0.061131492257118225,-0.020962418988347054
26.459999999,0.06315735727548599,-0.01819366030395031,0.05786128714680672,-0.02304810844361782
26.540000000000003,0.06244395673274994,-0.01915268413722515,0.058736152946949005,-0.02252640575170517
26.619999999,0.06277021765708923,-0.019658099859952927,0.05908416956663132,-0.02299549989402294
26.720000000000002,0.06059236451983452,-0.020811691880226135,0.060470785945653915,-0.019944101572036743
26.779999999,0.06075495481491089,-0.019925689324736595,0.059708330780267715,-0.019775651395320892
26.860000000000003,0.0594167485833168,-0.019763050600886345,0.058993007987737656,-0.020030846819281578
26.959999999,0.05916920304298401,-0.019886871799826622,0.0592823252081871,-0.01955067552626133
27.040000000000003,0.05947306007146835,-0.019770707935094833,0.05956181511282921,-0.019222872331738472
27.119999999,0.05957208201289177,-0.020414236932992935,0.06015925481915474,-0.01821858435869217
27.200000000000003,0.05861777439713478,-0.020422548055648804,0.059461697936058044,-0.018192242830991745
27.299999999,0.05607936903834343,-0.020263725891709328,0.061585839837789536,-0.016964813694357872
27.380000000000003,0.057041268795728683,-0.02224591374397278,0.06194594129920006,-0.016609979793429375
27.499999999,0.05477987229824066,-0.02382354810833931,0.06421945989131927,-0.014797788113355637
27.6,0.056798335164785385,-0.022118616849184036,0.06286917626857758,-0.016944391652941704
27.619999999,0.05830290541052818,-0.01837844029068947,0.05839115008711815,-0.018249794840812683
27.679999999,0.058432940393686295,-0.019165368750691414,0.05976176634430885,-0.019125094637274742
27.779999999,0.0623038150370121,-0.018038727343082428,0.05870821326971054,-0.020791295915842056
27.860000000000003,0.061020441353321075,-0.021084778010845184,0.06081719323992729,-0.020526031032204628
27.92,0.05664411187171936,-0.024079004302620888,0.06521006673574448,-0.016079358756542206
27.92,0.06002608314156532,-0.02017751894891262,0.06036878749728203,-0.02189253270626068
27.959999999,0.06118413805961609,-0.020451296120882034,0.06068764999508858,-0.020724499598145485
27.979999999,0.060794297605752945,-0.020963918417692184,0.05979828163981438,-0.019308997318148613
27.999999999,0.06104876473546028,-0.02017567865550518,0.06016562506556511,-0.02048937790095806
28.019999999000003,0.059569407254457474,-0.019896676763892174,0.060482293367385864,-0.02020169422030449
28.040000000000003,0.06122855097055435,-0.020503832027316093,0.06044452637434006,-0.021605234593153
28.119999999,0.061617087572813034,-0.02081291191279888,0.06120871379971504,-0.021025532856583595
28.200000000000003,0.0607827864587307,-0.0210023894906044,0.061353493481874466,-0.020100140944123268
28.299999999,0.056529343128204346,-0.02597404271364212,0.06579612195491791,-0.015481904149055481
28.360000000000003,0.05575205013155937,-0.025359882041811943,0.06479190289974213,-0.016348864883184433
28.44,0.057224053889513016,-0.026758290827274323,0.06561122089624405,-0.017886554822325706
28.519999999000003,0.05772906541824341,-0.024798894301056862,0.06483103334903717,-0.017564835026860237
28.580000000000002,0.05785292387008667,-0.02679222822189331,0.06753931194543839,-0.018159015104174614
28.659999999,0.05758724734187126,-0.02556316927075386,0.06512932479381561,-0.018455607816576958
28.720000000000002,0.05751094967126846,-0.027293335646390915,0.06655814498662949,-0.017415126785635948
28.799999999,0.06127898767590523,-0.025731541216373444,0.06529714912176132,-0.021541159600019455
28.880000000000003,0.05992034450173378,-0.026547841727733612,0.06597807258367538,-0.020022984594106674
28.979999999,0.05909974128007889,-0.02675987035036087,0.06665757298469543,-0.0174954142421484
29.080000000000002,0.058143250644207,-0.02697884663939476,0.06782381981611252,-0.01839321106672287
29.139999999,0.060029156506061554,-0.02515561692416668,0.06625054776668549,-0.019334271550178528
29.240000000000002,0.0624840073287487,-0.02274322137236595,0.06239266321063042,-0.022965438663959503
29.299999999,0.06385798007249832,-0.02324896678328514,0.06413491070270538,-0.022590499371290207
29.360000000000003,0.061127644032239914,-0.02547227218747139,0.0647946372628212,-0.020763268694281578
29.42,0.06328469514846802,-0.023682886734604836,0.06381203979253769,-0.02288137935101986
29.499999999,0.06401687115430832,-0.024680186063051224,0.06388448178768158,-0.023467307910323143
29.560000000000002,0.06234429404139519,-0.022600946947932243,0.06263246387243271,-0.023362988606095314
29.619999999,0.06218985095620155,-0.025512712076306343,0.06501951068639755,-0.021768545731902122
29.679999999,0.06162605807185173,-0.024441106244921684,0.06446439772844315,-0.020272918045520782
29.76,0.06278829276561737,-0.02268129214644432,0.0625547543168068,-0.022429078817367554
29.819999999,0.061773352324962616,-0.021817704662680626,0.062102459371089935,-0.022005651146173477
29.900000000000002,0.06142246723175049,-0.023330694064497948,0.06315319985151291,-0.02102676033973694
29.979999999,0.06291960179805756,-0.022436868399381638,0.06317643076181412,-0.02211175113916397
30.080000000000002,0.0626385286450386,-0.021534161642193794,0.06164185702800751,-0.022405553609132767
30.179999999,0.06293343752622604,-0.021324269473552704,0.060438189655542374,-0.023540012538433075
30.240000000000002,0.06089376285672188,-0.021576322615146637,0.06166548654437065,-0.022026700899004936
30.319999999,0.06143052875995636,-0.022090444341301918,0.060927797108888626,-0.021648094058036804
30.380000000000003,0.062014054507017136,-0.020712314173579216,0.060184646397829056,-0.022692861035466194
30.44,0.06223218888044357,-0.021269433200359344,0.06134644150733948,-0.02211807668209076
30.519999999000003,0.061868321150541306,-0.021215850487351418,0.06057339534163475,-0.021621331572532654
30.580000000000002,0.06395208835601807,-0.023752255365252495,0.06429446488618851,-0.02375074476003647
30.659999999,0.06302003562450409,-0.02313857525587082,0.06320592761039734,-0.022353312000632286
30.740000000000002,0.05953078344464302,-0.02155870571732521,0.061760514974594116,-0.020678479224443436
30.819999999,0.058756545186042786,-0.019739672541618347,0.05973423644900322,-0.01943971775472164
30.880000000000003,0.05793893709778786,-0.018158894032239914,0.05792861431837082,-0.01826474629342556
30.959999999,0.06097118556499481,-0.017215082421898842,0.057423073798418045,-0.02113826386630535
31.040000000000003,0.061723992228507996,-0.018692350015044212,0.059224195778369904,-0.02111850492656231
31.1,0.06053495034575462,-0.019535813480615616,0.05969938263297081,-0.019513815641403198
31.179999999,0.05989468842744827,-0.01942288503050804,0.06035110726952553,-0.018990561366081238
31.26,0.058221034705638885,-0.02050790749490261,0.059970129281282425,-0.019461071118712425
31.339999999,0.057980868965387344,-0.01955125480890274,0.05962875485420227,-0.01826380006968975
31.44,0.05814414843916893,-0.019893409684300423,0.06013890355825424,-0.01874667964875698
31.560000000000002,0.05753644183278084,-0.018764875829219818,0.05850331485271454,-0.01829618588089943
31.679999999,0.059250857681035995,-0.018753359094262123,0.05901648476719856,-0.018077433109283447
31.76,0.05864161252975464,-0.01995009183883667,0.06035546958446503,-0.018528714776039124
31.839999999,0.05708252266049385,-0.020910505205392838,0.06204218789935112,-0.017597323283553123
31.92,0.05734696984291077,-0.020733412355184555,0.059715405106544495,-0.017607472836971283
32.0,0.0563616007566452,-0.021397197619080544,0.06298505514860153,-0.015590113587677479
32.099999999,0.060118574649095535,-0.019784606993198395,0.06041092425584793,-0.019729310646653175
32.199999999,0.059780415147542953,-0.019448494538664818,0.059850238263607025,-0.019224833697080612
32.28,0.05543243885040283,-0.021140357479453087,0.06200586259365082,-0.014762434177100658
32.36,0.05534801632165909,-0.021031465381383896,0.060757920145988464,-0.015842411667108536
32.4,0.058126188814640045,-0.018098287284374237,0.057439304888248444,-0.016712605953216553
32.419999999,0.058379024267196655,-0.01887194812297821,0.058541439473629,-0.018958035856485367
32.5,0.05413062497973442,-0.024755442515015602,0.06398425251245499,-0.015119070187211037
32.58,0.05551381781697273,-0.02461707964539528,0.06534069031476974,-0.015166012570261955
32.659999999,0.054965790361166,-0.02457631751894951,0.06484893709421158,-0.015409923158586025
32.739999999,0.05667254701256752,-0.02342808060348034,0.06396827846765518,-0.01629207283258438
32.82,0.05959879234433174,-0.019793018698692322,0.06119563430547714,-0.02062380127608776
32.9,0.055983707308769226,-0.02560598775744438,0.06490866094827652,-0.016981638967990875
32.979999999,0.06104833632707596,-0.0204335805028677,0.0611247755587101,-0.020342983305454254
33.04,0.054616041481494904,-0.02566571906208992,0.06612233817577362,-0.013941614888608456
33.099999999,0.0564684122800827,-0.024545539170503616,0.06436191499233246,-0.015791725367307663
33.18,0.05487816780805588,-0.024433648213744164,0.06435485184192657,-0.014947475865483284
33.26,0.057212330400943756,-0.02592027559876442,0.06645374745130539,-0.017758138477802277
33.339999999,0.05681196600198746,-0.024424944072961807,0.06416163593530655,-0.016943171620368958
33.44,0.05715480446815491,-0.025104902684688568,0.06508266925811768,-0.016580156981945038
33.54,0.05715583264827728,-0.026778383180499077,0.06615415960550308,-0.017147282138466835
33.64,0.05911039933562279,-0.027446996420621872,0.06776449829339981,-0.018913134932518005
33.76,0.059127435088157654,-0.02775014191865921,0.06777332723140717,-0.019731223583221436
33.86,0.06162015348672867,-0.02675345353782177,0.06705937534570694,-0.021040793508291245
33.94,0.06031494215130806,-0.024845654144883156,0.06560131907463074,-0.02094065397977829
34.04,0.056470293551683426,-0.02495979517698288,0.06539925932884216,-0.017335455864667892
34.119999999,0.05783141404390335,-0.02752230502665043,0.06725907325744629,-0.017572276294231415
34.199999999,0.05814293026924133,-0.02453862875699997,0.06487080454826355,-0.01841554418206215
34.26,0.06260504573583603,-0.02218600921332836,0.06263955682516098,-0.022214189171791077
34.36,0.06331767141819,-0.02411113679409027,0.062642402946949,-0.023477472364902496
34.44,0.06073204055428505,-0.02335946448147297,0.06321567296981812,-0.02158629335463047
34.519999999,0.06424937397241592,-0.023856475949287415,0.06447894871234894,-0.02333028055727482
34.599999999,0.06121412292122841,-0.025209391489624977,0.06655573099851608,-0.02107922174036503
34.68,0.061814408749341965,-0.023608343675732613,0.06420525163412094,-0.02197784185409546
34.739999999,0.06286865472793579,-0.02402990683913231,0.06447108089923859,-0.02414570190012455
34.799999999,0.06355378031730652,-0.023813044652342796,0.0633830800652504,-0.02415744587779045
34.879999999,0.06282322853803635,-0.024164751172065735,0.06444190442562103,-0.022971278056502342
34.96,0.060495540499687195,-0.023694932460784912,0.06436818093061447,-0.021215878427028656
35.019999999,0.06141810864210129,-0.02285890281200409,0.06266597658395767,-0.02030555158853531
35.119999999,0.06121232360601425,-0.023243237286806107,0.06390899419784546,-0.020957928150892258
35.199999999,0.06096479296684265,-0.021965395659208298,0.06364044547080994,-0.02210070937871933
35.28,0.06294325739145279,-0.02256079763174057,0.06401477009057999,-0.02213035151362419
35.379999999,0.06171764060854912,-0.022793473675847054,0.06264004111289978,-0.02263873629271984
35.46,0.06258184462785721,-0.022280801087617874,0.06134247034788132,-0.022409657016396523
35.559999999,0.06141427531838417,-0.02181970700621605,0.06223176419734955,-0.021136581897735596
35.659999999,0.06266508251428604,-0.02060311660170555,0.06130993738770485,-0.022451501339673996
35.739999999,0.06190936639904976,-0.02203618921339512,0.061144307255744934,-0.021673617884516716
35.839999999,0.06253794580698013,-0.02108285203576088,0.06099943816661835,-0.02266770973801613
35.919999999,0.062468137592077255,-0.020589645951986313,0.06095072999596596,-0.021752605214715004
36.019999999,0.06448765099048615,-0.024150965735316277,0.06481865793466568,-0.02513856627047062
36.119999999,0.06486815959215164,-0.024343980476260185,0.06414246559143066,-0.024387890473008156
36.199999999,0.0608462356030941,-0.02181331440806389,0.061815135180950165,-0.02179921418428421
36.299999999,0.05909699946641922,-0.02096397615969181,0.061014674603939056,-0.018775973469018936
36.4,0.058305442333221436,-0.01836397871375084,0.0587490051984787,-0.019078118726611137
36.479999999,0.05927347391843796,-0.019378691911697388,0.059327270835638046,-0.01912345364689827
36.58,0.060081321746110916,-0.019948050379753113,0.06000230461359024,-0.019315816462039948
36.659999999,0.06081737205386162,-0.021317481994628906,0.061099015176296234,-0.021275579929351807
36.76,0.060019057244062424,-0.020091505721211433,0.060627348721027374,-0.020389778539538383
36.86,0.05734333023428917,-0.020572200417518616,0.06031901389360428,-0.01955508254468441
36.96,0.059082843363285065,-0.020838195458054543,0.060098323971033096,-0.018347101286053658
37.059999999,0.05999564006924629,-0.018919818103313446,0.05984599515795708,-0.019135478883981705
37.14,0.06011207029223442,-0.019292721524834633,0.06006469205021858,-0.01905255764722824
37.239999999,0.05992799252271652,-0.01916632242500782,0.061257604509592056,-0.02008281648159027
37.32,0.05822804197669029,-0.020841337740421295,0.061006780713796616,-0.018125222995877266
37.419999999,0.057811133563518524,-0.02174348384141922,0.06213403865695,-0.017606617882847786
37.519999999,0.05871998891234398,-0.020984886214137077,0.06111723184585571,-0.01828463189303875
37.619999999,0.059605494141578674,-0.02072569541633129,0.061287201941013336,-0.019164731726050377
37.72,0.058696843683719635,-0.021863369271159172,0.06176876649260521,-0.017409591004252434
37.82,0.05836160480976105,-0.02351529709994793,0.06305445730686188,-0.018977638334035873
37.919999999,0.061258334666490555,-0.022365696728229523,0.06187668442726135,-0.02211989089846611
38.019999999,0.05598335340619087,-0.023053396493196487,0.06382489949464798,-0.016511429101228714
38.119999999,0.054435525089502335,-0.022181982174515724,0.06246112659573555,-0.015177477151155472
38.22,0.05719030275940895,-0.021791847422719002,0.06174567714333534,-0.01631428487598896
38.299999999,0.060578566044569016,-0.0203840434551239,0.060425903648138046,-0.020293021574616432
38.379999999,0.05618748068809509,-0.025118248537182808,0.06499240547418594,-0.016345156356692314
38.479999999,0.05646931380033493,-0.02481127344071865,0.0645218938589096,-0.016588445752859116
38.58,0.057450346648693085,-0.02331014722585678,0.06522383540868759,-0.017989257350564003
38.659999999,0.06140344217419624,-0.021177122369408607,0.062097664922475815,-0.020975682884454727
38.78,0.05748850107192993,-0.02561096101999283,0.06548662483692169,-0.018502503633499146
38.879999999,0.058141253888607025,-0.025901271030306816,0.0661441907286644,-0.0186608973890543
38.919999999,0.0640760213136673,-0.023778820410370827,0.06349798291921616,-0.024439679458737373
38.94,0.06259799003601074,-0.02310269884765148,0.06264020502567291,-0.022991448640823364
38.96,0.060202158987522125,-0.02475980669260025,0.06407330185174942,-0.021317098289728165
38.979999999,0.06441706418991089,-0.02374652586877346,0.06472650915384293,-0.02481239102780819
39.04,0.0551096647977829,-0.029183296486735344,0.06859995424747467,-0.01456434279680252
39.159999999,0.054074812680482864,-0.030139951035380363,0.07006175816059113,-0.014574140310287476
39.239999999,0.06257738173007965,-0.022735856473445892,0.06194733455777168,-0.022394156083464622
39.28,0.0584801621735096,-0.024883775040507317,0.06477721035480499,-0.018834318965673447
39.32,0.061411432921886444,-0.02177256904542446,0.06242312118411064,-0.021061602979898453
39.44,0.057370658963918686,-0.027280453592538834,0.06816893070936203,-0.01799740269780159
39.519999999,0.05786771699786186,-0.028495345264673233,0.06740634143352509,-0.01823851466178894
39.619999999,0.05930314213037491,-0.025666363537311554,0.06611606478691101,-0.020075740292668343
39.699999999,0.058298394083976746,-0.028790416195988655,0.06990326195955276,-0.018429646268486977
39.799999999,0.059156984090805054,-0.026599297299981117,0.0664493590593338,-0.01938673108816147
39.879999999,0.060296665877103806,-0.025688612833619118,0.06668449938297272,-0.020699458196759224
39.979999999,0.06135028973221779,-0.031288161873817444,0.07037143409252167,-0.020411506295204163
40.08,0.06535676121711731,-0.02505241148173809,0.06424033641815186,-0.024068502709269524
40.199999999,0.059029366821050644,-0.022898489609360695,0.06341152638196945,-0.017956232652068138
40.32,0.06115618348121643,-0.02740911766886711,0.06950251013040543,-0.020622912794351578
40.44,0.06091172993183136,-0.028161393478512764,0.0681052878499031,-0.019669128581881523
